[
    { "address": 4195376, "hexDump": "31ED", "text": "xor ebp, ebp", "readRegs": [ "ebp", "ebp" ], "writeRegs": [ "ebp", "rflags" ], "readMem": [  ], "writtenMem": [  ] },
    { "address": 4195378, "hexDump": "4989D1", "text": "mov r9, rdx", "readRegs": [ "rdx" ], "writeRegs": [ "r9" ], "readMem": [  ], "writtenMem": [  ] },
    { "address": 4195381, "hexDump": "5E", "text": "pop rsi", "readRegs": [ "rsp" ], "writeRegs": [ "rsi", "rsp" ], "readMem": [ [ 140721559695232, 8 ] ], "writtenMem": [  ] },
    { "address": 4195382, "hexDump": "4889E2", "text": "mov rdx, rsp", "readRegs": [ "rsp" ], "writeRegs": [ "rdx" ], "readMem": [  ], "writtenMem": [  ] },
    { "address": 4195385, "hexDump": "4883E4F0", "text": "and rsp, 0xfffffffffffffff0", "readRegs": [ "rsp" ], "writeRegs": [ "rsp", "rflags" ], "readMem": [  ], "writtenMem": [  ] },
    { "address": 4195389, "hexDump": "50", "text": "push rax", "readRegs": [ "rax", "rsp" ], "writeRegs": [ "rsp" ], "readMem": [  ], "writtenMem": [ [ 140721559695224, 8 ] ] },
    { "address": 4195390, "hexDump": "54", "text": "push rsp", "readRegs": [ "rsp", "rsp" ], "writeRegs": [ "rsp" ], "readMem": [  ], "writtenMem": [ [ 140721559695216, 8 ] ] },
    { "address": 4195391, "hexDump": "49C7C0F0054000", "text": "mov r8, 0x4005f0", "readRegs": [  ], "writeRegs": [ "r8" ], "readMem": [  ], "writtenMem": [  ] },
    { "address": 4195398, "hexDump": "48C7C180054000", "text": "mov rcx, 0x400580", "readRegs": [  ], "writeRegs": [ "rcx" ], "readMem": [  ], "writtenMem": [  ] },
    { "address": 4195405, "hexDump": "48C7C726054000", "text": "mov rdi, 0x400526", "readRegs": [  ], "writeRegs": [ "rdi" ], "readMem": [  ], "writtenMem": [  ] },
    { "address": 4195412, "hexDump": "E8B7FFFFFF", "text": "call 0x400410", "isBranch": true, "isForeignBranch": true, "foreignTargetAddress": 4195344, "foreignTargetName": "__libc_start_main@plt", "readRegs": [ "rip", "rsp" ], "writeRegs": [ "rip", "rsp" ], "readMem": [  ], "writtenMem": [ [ 140721559695208, 8 ] ] },
    { "address": 4195712, "hexDump": "4157", "text": "push r15", "readRegs": [ "r15", "rsp" ], "writeRegs": [ "rsp" ], "readMem": [  ], "writtenMem": [ [ 140721559695008, 8 ] ] },
    { "address": 4195714, "hexDump": "4156", "text": "push r14", "readRegs": [ "r14", "rsp" ], "writeRegs": [ "rsp" ], "readMem": [  ], "writtenMem": [ [ 140721559695000, 8 ] ] },
    { "address": 4195716, "hexDump": "4189FF", "text": "mov r15d, edi", "readRegs": [ "edi" ], "writeRegs": [ "r15d" ], "readMem": [  ], "writtenMem": [  ] },
    { "address": 4195719, "hexDump": "4155", "text": "push r13", "readRegs": [ "r13", "rsp" ], "writeRegs": [ "rsp" ], "readMem": [  ], "writtenMem": [ [ 140721559694992, 8 ] ] },
    { "address": 4195721, "hexDump": "4154", "text": "push r12", "readRegs": [ "r12", "rsp" ], "writeRegs": [ "rsp" ], "readMem": [  ], "writtenMem": [ [ 140721559694984, 8 ] ] },
    { "address": 4195723, "hexDump": "4C8D257E082000", "text": "lea r12, ptr [rip+0x20087e]", "readRegs": [ "rip" ], "writeRegs": [ "r12" ], "readMem": [  ], "writtenMem": [  ] },
    { "address": 4195730, "hexDump": "55", "text": "push rbp", "readRegs": [ "rbp", "rsp" ], "writeRegs": [ "rsp" ], "readMem": [  ], "writtenMem": [ [ 140721559694976, 8 ] ] },
    { "address": 4195731, "hexDump": "488D2D7E082000", "text": "lea rbp, ptr [rip+0x20087e]", "readRegs": [ "rip" ], "writeRegs": [ "rbp" ], "readMem": [  ], "writtenMem": [  ] },
    { "address": 4195738, "hexDump": "53", "text": "push rbx", "readRegs": [ "rbx", "rsp" ], "writeRegs": [ "rsp" ], "readMem": [  ], "writtenMem": [ [ 140721559694968, 8 ] ] },
    { "address": 4195739, "hexDump": "4989F6", "text": "mov r14, rsi", "readRegs": [ "rsi" ], "writeRegs": [ "r14" ], "readMem": [  ], "writtenMem": [  ] },
    { "address": 4195742, "hexDump": "4989D5", "text": "mov r13, rdx", "readRegs": [ "rdx" ], "writeRegs": [ "r13" ], "readMem": [  ], "writtenMem": [  ] },
    { "address": 4195745, "hexDump": "4C29E5", "text": "sub rbp, r12", "readRegs": [ "rbp", "r12" ], "writeRegs": [ "rbp", "rflags" ], "readMem": [  ], "writtenMem": [  ] },
    { "address": 4195748, "hexDump": "4883EC08", "text": "sub rsp, 0x8", "readRegs": [ "rsp" ], "writeRegs": [ "rsp", "rflags" ], "readMem": [  ], "writtenMem": [  ] },
    { "address": 4195752, "hexDump": "48C1FD03", "text": "sar rbp, 0x3", "readRegs": [ "rbp" ], "writeRegs": [ "rbp", "rflags" ], "readMem": [  ], "writtenMem": [  ] },
    { "address": 4195756, "hexDump": "E817FEFFFF", "text": "call 0x4003c8", "isBranch": true, "readRegs": [ "rip", "rsp" ], "writeRegs": [ "rip", "rsp" ], "readMem": [  ], "writtenMem": [ [ 140721559694952, 8 ] ] },
    { "address": 4195272, "hexDump": "4883EC08", "text": "sub rsp, 0x8", "readRegs": [ "rsp" ], "writeRegs": [ "rsp", "rflags" ], "readMem": [  ], "writtenMem": [  ] },
    { "address": 4195276, "hexDump": "488B05250C2000", "text": "mov rax, qword ptr [rip+0x200c25]", "readRegs": [ "rip" ], "writeRegs": [ "rax" ], "readMem": [ [ 6295544, 8 ] ], "writtenMem": [  ] },
    { "address": 4195283, "hexDump": "4885C0", "text": "test rax, rax", "readRegs": [ "rax", "rax" ], "writeRegs": [ "rflags" ], "readMem": [  ], "writtenMem": [  ] },
    { "address": 4195286, "hexDump": "7405", "text": "jz 0x4003dd", "isBranch": true, "readRegs": [ "rip", "rflags" ], "writeRegs": [ "rip" ], "readMem": [  ], "writtenMem": [  ] },
    { "address": 4195293, "hexDump": "4883C408", "text": "add rsp, 0x8", "readRegs": [ "rsp" ], "writeRegs": [ "rsp", "rflags" ], "readMem": [  ], "writtenMem": [  ] },
    { "address": 4195297, "hexDump": "C3", "text": "ret ", "isBranch": true, "readRegs": [ "rsp" ], "writeRegs": [ "rip", "rsp" ], "readMem": [ [ 140721559694952, 8 ] ], "writtenMem": [  ] },
    { "address": 4195761, "hexDump": "4885ED", "text": "test rbp, rbp", "readRegs": [ "rbp", "rbp" ], "writeRegs": [ "rflags" ], "readMem": [  ], "writtenMem": [  ] },
    { "address": 4195764, "hexDump": "7420", "text": "jz 0x4005d6", "isBranch": true, "readRegs": [ "rip", "rflags" ], "writeRegs": [ "rip" ], "readMem": [  ], "writtenMem": [  ] },
    { "address": 4195766, "hexDump": "31DB", "text": "xor ebx, ebx", "readRegs": [ "ebx", "ebx" ], "writeRegs": [ "ebx", "rflags" ], "readMem": [  ], "writtenMem": [  ] },
    { "address": 4195768, "hexDump": "0F1F840000000000", "text": "nop dword ptr [rax+rax*1], eax", "readRegs": [ "rax", "rax", "eax" ], "writeRegs": [  ], "readMem": [  ], "writtenMem": [  ] },
    { "address": 4195776, "hexDump": "4C89EA", "text": "mov rdx, r13", "readRegs": [ "r13" ], "writeRegs": [ "rdx" ], "readMem": [  ], "writtenMem": [  ] },
    { "address": 4195779, "hexDump": "4C89F6", "text": "mov rsi, r14", "readRegs": [ "r14" ], "writeRegs": [ "rsi" ], "readMem": [  ], "writtenMem": [  ] },
    { "address": 4195782, "hexDump": "4489FF", "text": "mov edi, r15d", "readRegs": [ "r15d" ], "writeRegs": [ "edi" ], "readMem": [  ], "writtenMem": [  ] },
    { "address": 4195785, "hexDump": "41FF14DC", "text": "call qword ptr [r12+rbx*8]", "isBranch": true, "readRegs": [ "r12", "rbx", "rip", "rsp" ], "writeRegs": [ "rip", "rsp" ], "readMem": [ [ 6295056, 8 ] ], "writtenMem": [ [ 140721559694952, 8 ] ] },
    { "address": 4195584, "hexDump": "BF200E6000", "text": "mov edi, 0x600e20", "readRegs": [  ], "writeRegs": [ "edi" ], "readMem": [  ], "writtenMem": [  ] },
    { "address": 4195589, "hexDump": "48833F00", "text": "cmp qword ptr [rdi], 0x0", "readRegs": [ "rdi" ], "writeRegs": [ "rflags" ], "readMem": [ [ 6295072, 8 ] ], "writtenMem": [  ] },
    { "address": 4195593, "hexDump": "7505", "text": "jnz 0x400510", "isBranch": true, "readRegs": [ "rip", "rflags" ], "writeRegs": [ "rip" ], "readMem": [  ], "writtenMem": [  ] },
    { "address": 4195595, "hexDump": "EB93", "text": "jmp 0x4004a0", "isBranch": true, "readRegs": [ "rip" ], "writeRegs": [ "rip" ], "readMem": [  ], "writtenMem": [  ] },
    { "address": 4195488, "hexDump": "BE38106000", "text": "mov esi, 0x601038", "readRegs": [  ], "writeRegs": [ "esi" ], "readMem": [  ], "writtenMem": [  ] },
    { "address": 4195493, "hexDump": "55", "text": "push rbp", "readRegs": [ "rbp", "rsp" ], "writeRegs": [ "rsp" ], "readMem": [  ], "writtenMem": [ [ 140721559694944, 8 ] ] },
    { "address": 4195494, "hexDump": "4881EE38106000", "text": "sub rsi, 0x601038", "readRegs": [ "rsi" ], "writeRegs": [ "rsi", "rflags" ], "readMem": [  ], "writtenMem": [  ] },
    { "address": 4195501, "hexDump": "48C1FE03", "text": "sar rsi, 0x3", "readRegs": [ "rsi" ], "writeRegs": [ "rsi", "rflags" ], "readMem": [  ], "writtenMem": [  ] },
    { "address": 4195505, "hexDump": "4889E5", "text": "mov rbp, rsp", "readRegs": [ "rsp" ], "writeRegs": [ "rbp" ], "readMem": [  ], "writtenMem": [  ] },
    { "address": 4195508, "hexDump": "4889F0", "text": "mov rax, rsi", "readRegs": [ "rsi" ], "writeRegs": [ "rax" ], "readMem": [  ], "writtenMem": [  ] },
    { "address": 4195511, "hexDump": "48C1E83F", "text": "shr rax, 0x3f", "readRegs": [ "rax" ], "writeRegs": [ "rax", "rflags" ], "readMem": [  ], "writtenMem": [  ] },
    { "address": 4195515, "hexDump": "4801C6", "text": "add rsi, rax", "readRegs": [ "rsi", "rax" ], "writeRegs": [ "rsi", "rflags" ], "readMem": [  ], "writtenMem": [  ] },
    { "address": 4195518, "hexDump": "48D1FE", "text": "sar rsi, 0x1", "readRegs": [ "rsi" ], "writeRegs": [ "rsi", "rflags" ], "readMem": [  ], "writtenMem": [  ] },
    { "address": 4195521, "hexDump": "7415", "text": "jz 0x4004d8", "isBranch": true, "readRegs": [ "rip", "rflags" ], "writeRegs": [ "rip" ], "readMem": [  ], "writtenMem": [  ] },
    { "address": 4195544, "hexDump": "5D", "text": "pop rbp", "readRegs": [ "rsp" ], "writeRegs": [ "rbp", "rsp" ], "readMem": [ [ 140721559694944, 8 ] ], "writtenMem": [  ] },
    { "address": 4195545, "hexDump": "C3", "text": "ret ", "isBranch": true, "readRegs": [ "rsp" ], "writeRegs": [ "rip", "rsp" ], "readMem": [ [ 140721559694952, 8 ] ], "writtenMem": [  ] },
    { "address": 4195789, "hexDump": "4883C301", "text": "add rbx, 0x1", "readRegs": [ "rbx" ], "writeRegs": [ "rbx", "rflags" ], "readMem": [  ], "writtenMem": [  ] },
    { "address": 4195793, "hexDump": "4839EB", "text": "cmp rbx, rbp", "readRegs": [ "rbx", "rbp" ], "writeRegs": [ "rflags" ], "readMem": [  ], "writtenMem": [  ] },
    { "address": 4195796, "hexDump": "75EA", "text": "jnz 0x4005c0", "isBranch": true, "readRegs": [ "rip", "rflags" ], "writeRegs": [ "rip" ], "readMem": [  ], "writtenMem": [  ] },
    { "address": 4195798, "hexDump": "4883C408", "text": "add rsp, 0x8", "readRegs": [ "rsp" ], "writeRegs": [ "rsp", "rflags" ], "readMem": [  ], "writtenMem": [  ] },
    { "address": 4195802, "hexDump": "5B", "text": "pop rbx", "readRegs": [ "rsp" ], "writeRegs": [ "rbx", "rsp" ], "readMem": [ [ 140721559694968, 8 ] ], "writtenMem": [  ] },
    { "address": 4195803, "hexDump": "5D", "text": "pop rbp", "readRegs": [ "rsp" ], "writeRegs": [ "rbp", "rsp" ], "readMem": [ [ 140721559694976, 8 ] ], "writtenMem": [  ] },
    { "address": 4195804, "hexDump": "415C", "text": "pop r12", "readRegs": [ "rsp" ], "writeRegs": [ "r12", "rsp" ], "readMem": [ [ 140721559694984, 8 ] ], "writtenMem": [  ] },
    { "address": 4195806, "hexDump": "415D", "text": "pop r13", "readRegs": [ "rsp" ], "writeRegs": [ "r13", "rsp" ], "readMem": [ [ 140721559694992, 8 ] ], "writtenMem": [  ] },
    { "address": 4195808, "hexDump": "415E", "text": "pop r14", "readRegs": [ "rsp" ], "writeRegs": [ "r14", "rsp" ], "readMem": [ [ 140721559695000, 8 ] ], "writtenMem": [  ] },
    { "address": 4195810, "hexDump": "415F", "text": "pop r15", "readRegs": [ "rsp" ], "writeRegs": [ "r15", "rsp" ], "readMem": [ [ 140721559695008, 8 ] ], "writtenMem": [  ] },
    { "address": 4195812, "hexDump": "C3", "text": "ret ", "isBranch": true, "readRegs": [ "rsp" ], "writeRegs": [ "rip", "rsp" ], "readMem": [ [ 140721559695016, 8 ] ], "writtenMem": [  ] },
    { "address": 4195622, "hexDump": "55", "text": "push rbp", "readRegs": [ "rbp", "rsp" ], "writeRegs": [ "rsp" ], "readMem": [  ], "writtenMem": [ [ 140721559695008, 8 ] ] },
    { "address": 4195623, "hexDump": "4889E5", "text": "mov rbp, rsp", "readRegs": [ "rsp" ], "writeRegs": [ "rbp" ], "readMem": [  ], "writtenMem": [  ] },
    { "address": 4195626, "hexDump": "4883EC10", "text": "sub rsp, 0x10", "readRegs": [ "rsp" ], "writeRegs": [ "rsp", "rflags" ], "readMem": [  ], "writtenMem": [  ] },
    { "address": 4195630, "hexDump": "48C745F82A000000", "text": "mov qword ptr [rbp-0x8], 0x2a", "readRegs": [ "rbp" ], "writeRegs": [  ], "readMem": [  ], "writtenMem": [ [ 140721559695000, 8 ] ] },
    { "address": 4195638, "hexDump": "488B45F8", "text": "mov rax, qword ptr [rbp-0x8]", "readRegs": [ "rbp" ], "writeRegs": [ "rax" ], "readMem": [ [ 140721559695000, 8 ] ], "writtenMem": [  ] },
    { "address": 4195642, "hexDump": "8945F4", "text": "mov dword ptr [rbp-0xc], eax", "readRegs": [ "rbp", "eax" ], "writeRegs": [  ], "readMem": [  ], "writtenMem": [ [ 140721559694996, 4 ] ] },
    { "address": 4195645, "hexDump": "8B45F4", "text": "mov eax, dword ptr [rbp-0xc]", "readRegs": [ "rbp" ], "writeRegs": [ "eax" ], "readMem": [ [ 140721559694996, 4 ] ], "writtenMem": [  ] },
    { "address": 4195648, "hexDump": "8845F3", "text": "mov byte ptr [rbp-0xd], al", "readRegs": [ "rbp", "al" ], "writeRegs": [  ], "readMem": [  ], "writtenMem": [ [ 140721559694995, 1 ] ] },
    { "address": 4195651, "hexDump": "48C745F800000000", "text": "mov qword ptr [rbp-0x8], 0x0", "readRegs": [ "rbp" ], "writeRegs": [  ], "readMem": [  ], "writtenMem": [ [ 140721559695000, 8 ] ] },
    { "address": 4195659, "hexDump": "B000", "text": "mov al, 0x0", "readRegs": [  ], "writeRegs": [ "al" ], "readMem": [  ], "writtenMem": [  ] },
    { "address": 4195661, "hexDump": "0FBE4DF3", "text": "movsx ecx, byte ptr [rbp-0xd]", "readRegs": [ "rbp" ], "writeRegs": [ "ecx" ], "readMem": [ [ 140721559694995, 1 ] ], "writtenMem": [  ] },
    { "address": 4195665, "hexDump": "8B55F4", "text": "mov edx, dword ptr [rbp-0xc]", "readRegs": [ "rbp" ], "writeRegs": [ "edx" ], "readMem": [ [ 140721559694996, 4 ] ], "writtenMem": [  ] },
    { "address": 4195668, "hexDump": "488B45F8", "text": "mov rax, qword ptr [rbp-0x8]", "readRegs": [ "rbp" ], "writeRegs": [ "rax" ], "readMem": [ [ 140721559695000, 8 ] ], "writtenMem": [  ] },
    { "address": 4195672, "hexDump": "4889C6", "text": "mov rsi, rax", "readRegs": [ "rax" ], "writeRegs": [ "rsi" ], "readMem": [  ], "writtenMem": [  ] },
    { "address": 4195675, "hexDump": "BF04064000", "text": "mov edi, 0x400604", "readRegs": [  ], "writeRegs": [ "edi" ], "readMem": [  ], "writtenMem": [  ] },
    { "address": 4195680, "hexDump": "B800000000", "text": "mov eax, 0x0", "readRegs": [  ], "writeRegs": [ "eax" ], "readMem": [  ], "writtenMem": [  ] },
    { "address": 4195685, "hexDump": "E896FEFFFF", "text": "call 0x400400", "isBranch": true, "isForeignBranch": true, "foreignTargetAddress": 4195328, "foreignTargetName": "printf@plt", "readRegs": [ "rip", "rsp" ], "writeRegs": [ "rip", "rsp" ], "readMem": [  ], "writtenMem": [ [ 140721559694984, 8 ] ] },
    { "address": 4195690, "hexDump": "B800000000", "text": "mov eax, 0x0", "readRegs": [  ], "writeRegs": [ "eax" ], "readMem": [  ], "writtenMem": [  ] },
    { "address": 4195695, "hexDump": "C9", "text": "leave ", "readRegs": [ "rbp", "rbp", "rsp" ], "writeRegs": [ "rbp", "rsp" ], "readMem": [ [ 140721559695008, 8 ] ], "writtenMem": [  ] },
    { "address": 4195696, "hexDump": "C3", "text": "ret ", "isBranch": true, "readRegs": [ "rsp" ], "writeRegs": [ "rip", "rsp" ], "readMem": [ [ 140721559695016, 8 ] ], "writtenMem": [  ] },
    { "address": 4195552, "hexDump": "803D510B200000", "text": "cmp byte ptr [rip+0x200b51], 0x0", "readRegs": [ "rip" ], "writeRegs": [ "rflags" ], "readMem": [ [ 6295608, 1 ] ], "writtenMem": [  ] },
    { "address": 4195559, "hexDump": "7511", "text": "jnz 0x4004fa", "isBranch": true, "readRegs": [ "rip", "rflags" ], "writeRegs": [ "rip" ], "readMem": [  ], "writtenMem": [  ] },
    { "address": 4195561, "hexDump": "55", "text": "push rbp", "readRegs": [ "rbp", "rsp" ], "writeRegs": [ "rsp" ], "readMem": [  ], "writtenMem": [ [ 140721559694736, 8 ] ] },
    { "address": 4195562, "hexDump": "4889E5", "text": "mov rbp, rsp", "readRegs": [ "rsp" ], "writeRegs": [ "rbp" ], "readMem": [  ], "writtenMem": [  ] },
    { "address": 4195565, "hexDump": "E86EFFFFFF", "text": "call 0x400460", "isBranch": true, "readRegs": [ "rip", "rsp" ], "writeRegs": [ "rip", "rsp" ], "readMem": [  ], "writtenMem": [ [ 140721559694728, 8 ] ] },
    { "address": 4195424, "hexDump": "B83F106000", "text": "mov eax, 0x60103f", "readRegs": [  ], "writeRegs": [ "eax" ], "readMem": [  ], "writtenMem": [  ] },
    { "address": 4195429, "hexDump": "55", "text": "push rbp", "readRegs": [ "rbp", "rsp" ], "writeRegs": [ "rsp" ], "readMem": [  ], "writtenMem": [ [ 140721559694720, 8 ] ] },
    { "address": 4195430, "hexDump": "482D38106000", "text": "sub rax, 0x601038", "readRegs": [ "rax" ], "writeRegs": [ "rax", "rflags" ], "readMem": [  ], "writtenMem": [  ] },
    { "address": 4195436, "hexDump": "4883F80E", "text": "cmp rax, 0xe", "readRegs": [ "rax" ], "writeRegs": [ "rflags" ], "readMem": [  ], "writtenMem": [  ] },
    { "address": 4195440, "hexDump": "4889E5", "text": "mov rbp, rsp", "readRegs": [ "rsp" ], "writeRegs": [ "rbp" ], "readMem": [  ], "writtenMem": [  ] },
    { "address": 4195443, "hexDump": "761B", "text": "jbe 0x400490", "isBranch": true, "readRegs": [ "rip", "rflags" ], "writeRegs": [ "rip" ], "readMem": [  ], "writtenMem": [  ] },
    { "address": 4195472, "hexDump": "5D", "text": "pop rbp", "readRegs": [ "rsp" ], "writeRegs": [ "rbp", "rsp" ], "readMem": [ [ 140721559694720, 8 ] ], "writtenMem": [  ] },
    { "address": 4195473, "hexDump": "C3", "text": "ret ", "isBranch": true, "readRegs": [ "rsp" ], "writeRegs": [ "rip", "rsp" ], "readMem": [ [ 140721559694728, 8 ] ], "writtenMem": [  ] },
    { "address": 4195570, "hexDump": "5D", "text": "pop rbp", "readRegs": [ "rsp" ], "writeRegs": [ "rbp", "rsp" ], "readMem": [ [ 140721559694736, 8 ] ], "writtenMem": [  ] },
    { "address": 4195571, "hexDump": "C6053E0B200001", "text": "mov byte ptr [rip+0x200b3e], 0x1", "readRegs": [ "rip" ], "writeRegs": [  ], "readMem": [  ], "writtenMem": [ [ 6295608, 1 ] ] },
    { "address": 4195578, "hexDump": "F3C3", "text": "ret ", "isBranch": true, "readRegs": [ "rsp" ], "writeRegs": [ "rip", "rsp" ], "readMem": [ [ 140721559694744, 8 ] ], "writtenMem": [  ] },
    { "address": 4195828, "hexDump": "4883EC08", "text": "sub rsp, 0x8", "readRegs": [ "rsp" ], "writeRegs": [ "rsp", "rflags" ], "readMem": [  ], "writtenMem": [  ] },
    { "address": 4195832, "hexDump": "4883C408", "text": "add rsp, 0x8", "readRegs": [ "rsp" ], "writeRegs": [ "rsp", "rflags" ], "readMem": [  ], "writtenMem": [  ] },
    { "address": 4195836, "hexDump": "C3", "text": "ret ", "isBranch": true, "readRegs": [ "rsp" ], "writeRegs": [ "rip", "rsp" ], "readMem": [ [ 140721559694744, 8 ] ], "writtenMem": [  ] }
]
