[
    { "address": 4195376, "hexDump": "31ED", "text": "xor ebp, ebp", "readRegs": [ "ebp", "ebp" ], "writeRegs": [ "ebp", "rflags" ], "readMem": [  ], "writtenMem": [  ] },
    { "address": 4195378, "hexDump": "4989D1", "text": "mov r9, rdx", "readRegs": [ "rdx" ], "writeRegs": [ "r9" ], "readMem": [  ], "writtenMem": [  ] },
    { "address": 4195381, "hexDump": "5E", "text": "pop rsi", "readRegs": [ "rsp" ], "writeRegs": [ "rsi", "rsp" ], "readMem": [ [ 140733691690800, 8 ] ], "writtenMem": [  ] },
    { "address": 4195382, "hexDump": "4889E2", "text": "mov rdx, rsp", "readRegs": [ "rsp" ], "writeRegs": [ "rdx" ], "readMem": [  ], "writtenMem": [  ] },
    { "address": 4195385, "hexDump": "4883E4F0", "text": "and rsp, 0xfffffffffffffff0", "readRegs": [ "rsp" ], "writeRegs": [ "rsp", "rflags" ], "readMem": [  ], "writtenMem": [  ] },
    { "address": 4195389, "hexDump": "50", "text": "push rax", "readRegs": [ "rax", "rsp" ], "writeRegs": [ "rsp" ], "readMem": [  ], "writtenMem": [ [ 140733691690792, 8 ] ] },
    { "address": 4195390, "hexDump": "54", "text": "push rsp", "readRegs": [ "rsp", "rsp" ], "writeRegs": [ "rsp" ], "readMem": [  ], "writtenMem": [ [ 140733691690784, 8 ] ] },
    { "address": 4195391, "hexDump": "49C7C070064000", "text": "mov r8, 0x400670", "readRegs": [  ], "writeRegs": [ "r8" ], "readMem": [  ], "writtenMem": [  ] },
    { "address": 4195398, "hexDump": "48C7C100064000", "text": "mov rcx, 0x400600", "readRegs": [  ], "writeRegs": [ "rcx" ], "readMem": [  ], "writtenMem": [  ] },
    { "address": 4195405, "hexDump": "48C7C726054000", "text": "mov rdi, 0x400526", "readRegs": [  ], "writeRegs": [ "rdi" ], "readMem": [  ], "writtenMem": [  ] },
    { "address": 4195412, "hexDump": "E8B7FFFFFF", "text": "call 0x400410", "isBranch": true, "isForeignBranch": true, "foreignTargetAddress": 4195344, "foreignTargetName": "__libc_start_main@plt", "readRegs": [ "rip", "rsp" ], "writeRegs": [ "rip", "rsp" ], "readMem": [  ], "writtenMem": [ [ 140733691690776, 8 ] ] },
    { "address": 4195840, "hexDump": "4157", "text": "push r15", "readRegs": [ "r15", "rsp" ], "writeRegs": [ "rsp" ], "readMem": [  ], "writtenMem": [ [ 140733691690576, 8 ] ] },
    { "address": 4195842, "hexDump": "4156", "text": "push r14", "readRegs": [ "r14", "rsp" ], "writeRegs": [ "rsp" ], "readMem": [  ], "writtenMem": [ [ 140733691690568, 8 ] ] },
    { "address": 4195844, "hexDump": "4189FF", "text": "mov r15d, edi", "readRegs": [ "edi" ], "writeRegs": [ "r15d" ], "readMem": [  ], "writtenMem": [  ] },
    { "address": 4195847, "hexDump": "4155", "text": "push r13", "readRegs": [ "r13", "rsp" ], "writeRegs": [ "rsp" ], "readMem": [  ], "writtenMem": [ [ 140733691690560, 8 ] ] },
    { "address": 4195849, "hexDump": "4154", "text": "push r12", "readRegs": [ "r12", "rsp" ], "writeRegs": [ "rsp" ], "readMem": [  ], "writtenMem": [ [ 140733691690552, 8 ] ] },
    { "address": 4195851, "hexDump": "4C8D25FE072000", "text": "lea r12, ptr [rip+0x2007fe]", "readRegs": [ "rip" ], "writeRegs": [ "r12" ], "readMem": [  ], "writtenMem": [  ] },
    { "address": 4195858, "hexDump": "55", "text": "push rbp", "readRegs": [ "rbp", "rsp" ], "writeRegs": [ "rsp" ], "readMem": [  ], "writtenMem": [ [ 140733691690544, 8 ] ] },
    { "address": 4195859, "hexDump": "488D2DFE072000", "text": "lea rbp, ptr [rip+0x2007fe]", "readRegs": [ "rip" ], "writeRegs": [ "rbp" ], "readMem": [  ], "writtenMem": [  ] },
    { "address": 4195866, "hexDump": "53", "text": "push rbx", "readRegs": [ "rbx", "rsp" ], "writeRegs": [ "rsp" ], "readMem": [  ], "writtenMem": [ [ 140733691690536, 8 ] ] },
    { "address": 4195867, "hexDump": "4989F6", "text": "mov r14, rsi", "readRegs": [ "rsi" ], "writeRegs": [ "r14" ], "readMem": [  ], "writtenMem": [  ] },
    { "address": 4195870, "hexDump": "4989D5", "text": "mov r13, rdx", "readRegs": [ "rdx" ], "writeRegs": [ "r13" ], "readMem": [  ], "writtenMem": [  ] },
    { "address": 4195873, "hexDump": "4C29E5", "text": "sub rbp, r12", "readRegs": [ "rbp", "r12" ], "writeRegs": [ "rbp", "rflags" ], "readMem": [  ], "writtenMem": [  ] },
    { "address": 4195876, "hexDump": "4883EC08", "text": "sub rsp, 0x8", "readRegs": [ "rsp" ], "writeRegs": [ "rsp", "rflags" ], "readMem": [  ], "writtenMem": [  ] },
    { "address": 4195880, "hexDump": "48C1FD03", "text": "sar rbp, 0x3", "readRegs": [ "rbp" ], "writeRegs": [ "rbp", "rflags" ], "readMem": [  ], "writtenMem": [  ] },
    { "address": 4195884, "hexDump": "E897FDFFFF", "text": "call 0x4003c8", "isBranch": true, "readRegs": [ "rip", "rsp" ], "writeRegs": [ "rip", "rsp" ], "readMem": [  ], "writtenMem": [ [ 140733691690520, 8 ] ] },
    { "address": 4195272, "hexDump": "4883EC08", "text": "sub rsp, 0x8", "readRegs": [ "rsp" ], "writeRegs": [ "rsp", "rflags" ], "readMem": [  ], "writtenMem": [  ] },
    { "address": 4195276, "hexDump": "488B05250C2000", "text": "mov rax, qword ptr [rip+0x200c25]", "readRegs": [ "rip" ], "writeRegs": [ "rax" ], "readMem": [ [ 6295544, 8 ] ], "writtenMem": [  ] },
    { "address": 4195283, "hexDump": "4885C0", "text": "test rax, rax", "readRegs": [ "rax", "rax" ], "writeRegs": [ "rflags" ], "readMem": [  ], "writtenMem": [  ] },
    { "address": 4195286, "hexDump": "7405", "text": "jz 0x4003dd", "isBranch": true, "readRegs": [ "rip", "rflags" ], "writeRegs": [ "rip" ], "readMem": [  ], "writtenMem": [  ] },
    { "address": 4195293, "hexDump": "4883C408", "text": "add rsp, 0x8", "readRegs": [ "rsp" ], "writeRegs": [ "rsp", "rflags" ], "readMem": [  ], "writtenMem": [  ] },
    { "address": 4195297, "hexDump": "C3", "text": "ret ", "isBranch": true, "readRegs": [ "rsp" ], "writeRegs": [ "rip", "rsp" ], "readMem": [ [ 140733691690520, 8 ] ], "writtenMem": [  ] },
    { "address": 4195889, "hexDump": "4885ED", "text": "test rbp, rbp", "readRegs": [ "rbp", "rbp" ], "writeRegs": [ "rflags" ], "readMem": [  ], "writtenMem": [  ] },
    { "address": 4195892, "hexDump": "7420", "text": "jz 0x400656", "isBranch": true, "readRegs": [ "rip", "rflags" ], "writeRegs": [ "rip" ], "readMem": [  ], "writtenMem": [  ] },
    { "address": 4195894, "hexDump": "31DB", "text": "xor ebx, ebx", "readRegs": [ "ebx", "ebx" ], "writeRegs": [ "ebx", "rflags" ], "readMem": [  ], "writtenMem": [  ] },
    { "address": 4195896, "hexDump": "0F1F840000000000", "text": "nop dword ptr [rax+rax*1], eax", "readRegs": [ "rax", "rax", "eax" ], "writeRegs": [  ], "readMem": [  ], "writtenMem": [  ] },
    { "address": 4195904, "hexDump": "4C89EA", "text": "mov rdx, r13", "readRegs": [ "r13" ], "writeRegs": [ "rdx" ], "readMem": [  ], "writtenMem": [  ] },
    { "address": 4195907, "hexDump": "4C89F6", "text": "mov rsi, r14", "readRegs": [ "r14" ], "writeRegs": [ "rsi" ], "readMem": [  ], "writtenMem": [  ] },
    { "address": 4195910, "hexDump": "4489FF", "text": "mov edi, r15d", "readRegs": [ "r15d" ], "writeRegs": [ "edi" ], "readMem": [  ], "writtenMem": [  ] },
    { "address": 4195913, "hexDump": "41FF14DC", "text": "call qword ptr [r12+rbx*8]", "isBranch": true, "readRegs": [ "r12", "rbx", "rip", "rsp" ], "writeRegs": [ "rip", "rsp" ], "readMem": [ [ 6295056, 8 ] ], "writtenMem": [ [ 140733691690520, 8 ] ] },
    { "address": 4195584, "hexDump": "BF200E6000", "text": "mov edi, 0x600e20", "readRegs": [  ], "writeRegs": [ "edi" ], "readMem": [  ], "writtenMem": [  ] },
    { "address": 4195589, "hexDump": "48833F00", "text": "cmp qword ptr [rdi], 0x0", "readRegs": [ "rdi" ], "writeRegs": [ "rflags" ], "readMem": [ [ 6295072, 8 ] ], "writtenMem": [  ] },
    { "address": 4195593, "hexDump": "7505", "text": "jnz 0x400510", "isBranch": true, "readRegs": [ "rip", "rflags" ], "writeRegs": [ "rip" ], "readMem": [  ], "writtenMem": [  ] },
    { "address": 4195595, "hexDump": "EB93", "text": "jmp 0x4004a0", "isBranch": true, "readRegs": [ "rip" ], "writeRegs": [ "rip" ], "readMem": [  ], "writtenMem": [  ] },
    { "address": 4195488, "hexDump": "BE38106000", "text": "mov esi, 0x601038", "readRegs": [  ], "writeRegs": [ "esi" ], "readMem": [  ], "writtenMem": [  ] },
    { "address": 4195493, "hexDump": "55", "text": "push rbp", "readRegs": [ "rbp", "rsp" ], "writeRegs": [ "rsp" ], "readMem": [  ], "writtenMem": [ [ 140733691690512, 8 ] ] },
    { "address": 4195494, "hexDump": "4881EE38106000", "text": "sub rsi, 0x601038", "readRegs": [ "rsi" ], "writeRegs": [ "rsi", "rflags" ], "readMem": [  ], "writtenMem": [  ] },
    { "address": 4195501, "hexDump": "48C1FE03", "text": "sar rsi, 0x3", "readRegs": [ "rsi" ], "writeRegs": [ "rsi", "rflags" ], "readMem": [  ], "writtenMem": [  ] },
    { "address": 4195505, "hexDump": "4889E5", "text": "mov rbp, rsp", "readRegs": [ "rsp" ], "writeRegs": [ "rbp" ], "readMem": [  ], "writtenMem": [  ] },
    { "address": 4195508, "hexDump": "4889F0", "text": "mov rax, rsi", "readRegs": [ "rsi" ], "writeRegs": [ "rax" ], "readMem": [  ], "writtenMem": [  ] },
    { "address": 4195511, "hexDump": "48C1E83F", "text": "shr rax, 0x3f", "readRegs": [ "rax" ], "writeRegs": [ "rax", "rflags" ], "readMem": [  ], "writtenMem": [  ] },
    { "address": 4195515, "hexDump": "4801C6", "text": "add rsi, rax", "readRegs": [ "rsi", "rax" ], "writeRegs": [ "rsi", "rflags" ], "readMem": [  ], "writtenMem": [  ] },
    { "address": 4195518, "hexDump": "48D1FE", "text": "sar rsi, 0x1", "readRegs": [ "rsi" ], "writeRegs": [ "rsi", "rflags" ], "readMem": [  ], "writtenMem": [  ] },
    { "address": 4195521, "hexDump": "7415", "text": "jz 0x4004d8", "isBranch": true, "readRegs": [ "rip", "rflags" ], "writeRegs": [ "rip" ], "readMem": [  ], "writtenMem": [  ] },
    { "address": 4195544, "hexDump": "5D", "text": "pop rbp", "readRegs": [ "rsp" ], "writeRegs": [ "rbp", "rsp" ], "readMem": [ [ 140733691690512, 8 ] ], "writtenMem": [  ] },
    { "address": 4195545, "hexDump": "C3", "text": "ret ", "isBranch": true, "readRegs": [ "rsp" ], "writeRegs": [ "rip", "rsp" ], "readMem": [ [ 140733691690520, 8 ] ], "writtenMem": [  ] },
    { "address": 4195917, "hexDump": "4883C301", "text": "add rbx, 0x1", "readRegs": [ "rbx" ], "writeRegs": [ "rbx", "rflags" ], "readMem": [  ], "writtenMem": [  ] },
    { "address": 4195921, "hexDump": "4839EB", "text": "cmp rbx, rbp", "readRegs": [ "rbx", "rbp" ], "writeRegs": [ "rflags" ], "readMem": [  ], "writtenMem": [  ] },
    { "address": 4195924, "hexDump": "75EA", "text": "jnz 0x400640", "isBranch": true, "readRegs": [ "rip", "rflags" ], "writeRegs": [ "rip" ], "readMem": [  ], "writtenMem": [  ] },
    { "address": 4195926, "hexDump": "4883C408", "text": "add rsp, 0x8", "readRegs": [ "rsp" ], "writeRegs": [ "rsp", "rflags" ], "readMem": [  ], "writtenMem": [  ] },
    { "address": 4195930, "hexDump": "5B", "text": "pop rbx", "readRegs": [ "rsp" ], "writeRegs": [ "rbx", "rsp" ], "readMem": [ [ 140733691690536, 8 ] ], "writtenMem": [  ] },
    { "address": 4195931, "hexDump": "5D", "text": "pop rbp", "readRegs": [ "rsp" ], "writeRegs": [ "rbp", "rsp" ], "readMem": [ [ 140733691690544, 8 ] ], "writtenMem": [  ] },
    { "address": 4195932, "hexDump": "415C", "text": "pop r12", "readRegs": [ "rsp" ], "writeRegs": [ "r12", "rsp" ], "readMem": [ [ 140733691690552, 8 ] ], "writtenMem": [  ] },
    { "address": 4195934, "hexDump": "415D", "text": "pop r13", "readRegs": [ "rsp" ], "writeRegs": [ "r13", "rsp" ], "readMem": [ [ 140733691690560, 8 ] ], "writtenMem": [  ] },
    { "address": 4195936, "hexDump": "415E", "text": "pop r14", "readRegs": [ "rsp" ], "writeRegs": [ "r14", "rsp" ], "readMem": [ [ 140733691690568, 8 ] ], "writtenMem": [  ] },
    { "address": 4195938, "hexDump": "415F", "text": "pop r15", "readRegs": [ "rsp" ], "writeRegs": [ "r15", "rsp" ], "readMem": [ [ 140733691690576, 8 ] ], "writtenMem": [  ] },
    { "address": 4195940, "hexDump": "C3", "text": "ret ", "isBranch": true, "readRegs": [ "rsp" ], "writeRegs": [ "rip", "rsp" ], "readMem": [ [ 140733691690584, 8 ] ], "writtenMem": [  ] },
    { "address": 4195622, "hexDump": "55", "text": "push rbp", "readRegs": [ "rbp", "rsp" ], "writeRegs": [ "rsp" ], "readMem": [  ], "writtenMem": [ [ 140733691690576, 8 ] ] },
    { "address": 4195623, "hexDump": "4889E5", "text": "mov rbp, rsp", "readRegs": [ "rsp" ], "writeRegs": [ "rbp" ], "readMem": [  ], "writtenMem": [  ] },
    { "address": 4195626, "hexDump": "4883EC30", "text": "sub rsp, 0x30", "readRegs": [ "rsp" ], "writeRegs": [ "rsp", "rflags" ], "readMem": [  ], "writtenMem": [  ] },
    { "address": 4195630, "hexDump": "C745E42A000000", "text": "mov dword ptr [rbp-0x1c], 0x2a", "readRegs": [ "rbp" ], "writeRegs": [  ], "readMem": [  ], "writtenMem": [ [ 140733691690548, 4 ] ] },
    { "address": 4195637, "hexDump": "8B45E4", "text": "mov eax, dword ptr [rbp-0x1c]", "readRegs": [ "rbp" ], "writeRegs": [ "eax" ], "readMem": [ [ 140733691690548, 4 ] ], "writtenMem": [  ] },
    { "address": 4195640, "hexDump": "01C0", "text": "add eax, eax", "readRegs": [ "eax", "eax" ], "writeRegs": [ "eax", "rflags" ], "readMem": [  ], "writtenMem": [  ] },
    { "address": 4195642, "hexDump": "8945E8", "text": "mov dword ptr [rbp-0x18], eax", "readRegs": [ "rbp", "eax" ], "writeRegs": [  ], "readMem": [  ], "writtenMem": [ [ 140733691690552, 4 ] ] },
    { "address": 4195645, "hexDump": "C745EC64000000", "text": "mov dword ptr [rbp-0x14], 0x64", "readRegs": [ "rbp" ], "writeRegs": [  ], "readMem": [  ], "writtenMem": [ [ 140733691690556, 4 ] ] },
    { "address": 4195652, "hexDump": "8B55E4", "text": "mov edx, dword ptr [rbp-0x1c]", "readRegs": [ "rbp" ], "writeRegs": [ "edx" ], "readMem": [ [ 140733691690548, 4 ] ], "writtenMem": [  ] },
    { "address": 4195655, "hexDump": "8B45EC", "text": "mov eax, dword ptr [rbp-0x14]", "readRegs": [ "rbp" ], "writeRegs": [ "eax" ], "readMem": [ [ 140733691690556, 4 ] ], "writtenMem": [  ] },
    { "address": 4195658, "hexDump": "8D0C02", "text": "lea ecx, ptr [rdx+rax*1]", "readRegs": [ "rdx", "rax" ], "writeRegs": [ "ecx" ], "readMem": [  ], "writtenMem": [  ] },
    { "address": 4195661, "hexDump": "BA56555555", "text": "mov edx, 0x55555556", "readRegs": [  ], "writeRegs": [ "edx" ], "readMem": [  ], "writtenMem": [  ] },
    { "address": 4195666, "hexDump": "89C8", "text": "mov eax, ecx", "readRegs": [ "ecx" ], "writeRegs": [ "eax" ], "readMem": [  ], "writtenMem": [  ] },
    { "address": 4195668, "hexDump": "F7EA", "text": "imul edx", "readRegs": [ "edx", "eax" ], "writeRegs": [ "eax", "edx", "rflags" ], "readMem": [  ], "writtenMem": [  ] },
    { "address": 4195670, "hexDump": "89C8", "text": "mov eax, ecx", "readRegs": [ "ecx" ], "writeRegs": [ "eax" ], "readMem": [  ], "writtenMem": [  ] },
    { "address": 4195672, "hexDump": "C1F81F", "text": "sar eax, 0x1f", "readRegs": [ "eax" ], "writeRegs": [ "eax", "rflags" ], "readMem": [  ], "writtenMem": [  ] },
    { "address": 4195675, "hexDump": "29C2", "text": "sub edx, eax", "readRegs": [ "edx", "eax" ], "writeRegs": [ "edx", "rflags" ], "readMem": [  ], "writtenMem": [  ] },
    { "address": 4195677, "hexDump": "89D0", "text": "mov eax, edx", "readRegs": [ "edx" ], "writeRegs": [ "eax" ], "readMem": [  ], "writtenMem": [  ] },
    { "address": 4195679, "hexDump": "0B45EC", "text": "or eax, dword ptr [rbp-0x14]", "readRegs": [ "eax", "rbp" ], "writeRegs": [ "eax", "rflags" ], "readMem": [ [ 140733691690556, 4 ] ], "writtenMem": [  ] },
    { "address": 4195682, "hexDump": "8945F0", "text": "mov dword ptr [rbp-0x10], eax", "readRegs": [ "rbp", "eax" ], "writeRegs": [  ], "readMem": [  ], "writtenMem": [ [ 140733691690560, 4 ] ] },
    { "address": 4195685, "hexDump": "C745DC01000000", "text": "mov dword ptr [rbp-0x24], 0x1", "readRegs": [ "rbp" ], "writeRegs": [  ], "readMem": [  ], "writtenMem": [ [ 140733691690540, 4 ] ] },
    { "address": 4195692, "hexDump": "C745E000000000", "text": "mov dword ptr [rbp-0x20], 0x0", "readRegs": [ "rbp" ], "writeRegs": [  ], "readMem": [  ], "writtenMem": [ [ 140733691690544, 4 ] ] },
    { "address": 4195699, "hexDump": "EB0E", "text": "jmp 0x400583", "isBranch": true, "readRegs": [ "rip" ], "writeRegs": [ "rip" ], "readMem": [  ], "writtenMem": [  ] },
    { "address": 4195715, "hexDump": "837DE001", "text": "cmp dword ptr [rbp-0x20], 0x1", "readRegs": [ "rbp" ], "writeRegs": [ "rflags" ], "readMem": [ [ 140733691690544, 4 ] ], "writtenMem": [  ] },
    { "address": 4195719, "hexDump": "7EEC", "text": "jle 0x400575", "isBranch": true, "readRegs": [ "rip", "rflags" ], "writeRegs": [ "rip" ], "readMem": [  ], "writtenMem": [  ] },
    { "address": 4195701, "hexDump": "8B45DC", "text": "mov eax, dword ptr [rbp-0x24]", "readRegs": [ "rbp" ], "writeRegs": [ "eax" ], "readMem": [ [ 140733691690540, 4 ] ], "writtenMem": [  ] },
    { "address": 4195704, "hexDump": "0FAF45F0", "text": "imul eax, dword ptr [rbp-0x10]", "readRegs": [ "eax", "rbp" ], "writeRegs": [ "eax", "rflags" ], "readMem": [ [ 140733691690560, 4 ] ], "writtenMem": [  ] },
    { "address": 4195708, "hexDump": "8945DC", "text": "mov dword ptr [rbp-0x24], eax", "readRegs": [ "rbp", "eax" ], "writeRegs": [  ], "readMem": [  ], "writtenMem": [ [ 140733691690540, 4 ] ] },
    { "address": 4195711, "hexDump": "8345E001", "text": "add dword ptr [rbp-0x20], 0x1", "readRegs": [ "rbp" ], "writeRegs": [ "rflags" ], "readMem": [ [ 140733691690544, 4 ] ], "writtenMem": [ [ 140733691690544, 4 ] ] },
    { "address": 4195715, "hexDump": "837DE001", "text": "cmp dword ptr [rbp-0x20], 0x1", "readRegs": [ "rbp" ], "writeRegs": [ "rflags" ], "readMem": [ [ 140733691690544, 4 ] ], "writtenMem": [  ] },
    { "address": 4195719, "hexDump": "7EEC", "text": "jle 0x400575", "isBranch": true, "readRegs": [ "rip", "rflags" ], "writeRegs": [ "rip" ], "readMem": [  ], "writtenMem": [  ] },
    { "address": 4195701, "hexDump": "8B45DC", "text": "mov eax, dword ptr [rbp-0x24]", "readRegs": [ "rbp" ], "writeRegs": [ "eax" ], "readMem": [ [ 140733691690540, 4 ] ], "writtenMem": [  ] },
    { "address": 4195704, "hexDump": "0FAF45F0", "text": "imul eax, dword ptr [rbp-0x10]", "readRegs": [ "eax", "rbp" ], "writeRegs": [ "eax", "rflags" ], "readMem": [ [ 140733691690560, 4 ] ], "writtenMem": [  ] },
    { "address": 4195708, "hexDump": "8945DC", "text": "mov dword ptr [rbp-0x24], eax", "readRegs": [ "rbp", "eax" ], "writeRegs": [  ], "readMem": [  ], "writtenMem": [ [ 140733691690540, 4 ] ] },
    { "address": 4195711, "hexDump": "8345E001", "text": "add dword ptr [rbp-0x20], 0x1", "readRegs": [ "rbp" ], "writeRegs": [ "rflags" ], "readMem": [ [ 140733691690544, 4 ] ], "writtenMem": [ [ 140733691690544, 4 ] ] },
    { "address": 4195715, "hexDump": "837DE001", "text": "cmp dword ptr [rbp-0x20], 0x1", "readRegs": [ "rbp" ], "writeRegs": [ "rflags" ], "readMem": [ [ 140733691690544, 4 ] ], "writtenMem": [  ] },
    { "address": 4195719, "hexDump": "7EEC", "text": "jle 0x400575", "isBranch": true, "readRegs": [ "rip", "rflags" ], "writeRegs": [ "rip" ], "readMem": [  ], "writtenMem": [  ] },
    { "address": 4195721, "hexDump": "F75DDC", "text": "neg dword ptr [rbp-0x24]", "readRegs": [ "rbp" ], "writeRegs": [ "rflags" ], "readMem": [ [ 140733691690540, 4 ] ], "writtenMem": [ [ 140733691690540, 4 ] ] },
    { "address": 4195724, "hexDump": "8B45DC", "text": "mov eax, dword ptr [rbp-0x24]", "readRegs": [ "rbp" ], "writeRegs": [ "eax" ], "readMem": [ [ 140733691690540, 4 ] ], "writtenMem": [  ] },
    { "address": 4195727, "hexDump": "C1E00A", "text": "shl eax, 0xa", "readRegs": [ "eax" ], "writeRegs": [ "eax", "rflags" ], "readMem": [  ], "writtenMem": [  ] },
    { "address": 4195730, "hexDump": "8945F4", "text": "mov dword ptr [rbp-0xc], eax", "readRegs": [ "rbp", "eax" ], "writeRegs": [  ], "readMem": [  ], "writtenMem": [ [ 140733691690564, 4 ] ] },
    { "address": 4195733, "hexDump": "8B4DEC", "text": "mov ecx, dword ptr [rbp-0x14]", "readRegs": [ "rbp" ], "writeRegs": [ "ecx" ], "readMem": [ [ 140733691690556, 4 ] ], "writtenMem": [  ] },
    { "address": 4195736, "hexDump": "BA67666666", "text": "mov edx, 0x66666667", "readRegs": [  ], "writeRegs": [ "edx" ], "readMem": [  ], "writtenMem": [  ] },
    { "address": 4195741, "hexDump": "89C8", "text": "mov eax, ecx", "readRegs": [ "ecx" ], "writeRegs": [ "eax" ], "readMem": [  ], "writtenMem": [  ] },
    { "address": 4195743, "hexDump": "F7EA", "text": "imul edx", "readRegs": [ "edx", "eax" ], "writeRegs": [ "eax", "edx", "rflags" ], "readMem": [  ], "writtenMem": [  ] },
    { "address": 4195745, "hexDump": "D1FA", "text": "sar edx, 0x1", "readRegs": [ "edx" ], "writeRegs": [ "edx", "rflags" ], "readMem": [  ], "writtenMem": [  ] },
    { "address": 4195747, "hexDump": "89C8", "text": "mov eax, ecx", "readRegs": [ "ecx" ], "writeRegs": [ "eax" ], "readMem": [  ], "writtenMem": [  ] },
    { "address": 4195749, "hexDump": "C1F81F", "text": "sar eax, 0x1f", "readRegs": [ "eax" ], "writeRegs": [ "eax", "rflags" ], "readMem": [  ], "writtenMem": [  ] },
    { "address": 4195752, "hexDump": "29C2", "text": "sub edx, eax", "readRegs": [ "edx", "eax" ], "writeRegs": [ "edx", "rflags" ], "readMem": [  ], "writtenMem": [  ] },
    { "address": 4195754, "hexDump": "8B45E4", "text": "mov eax, dword ptr [rbp-0x1c]", "readRegs": [ "rbp" ], "writeRegs": [ "eax" ], "readMem": [ [ 140733691690548, 4 ] ], "writtenMem": [  ] },
    { "address": 4195757, "hexDump": "29D0", "text": "sub eax, edx", "readRegs": [ "eax", "edx" ], "writeRegs": [ "eax", "rflags" ], "readMem": [  ], "writtenMem": [  ] },
    { "address": 4195759, "hexDump": "BA01000000", "text": "mov edx, 0x1", "readRegs": [  ], "writeRegs": [ "edx" ], "readMem": [  ], "writtenMem": [  ] },
    { "address": 4195764, "hexDump": "89C1", "text": "mov ecx, eax", "readRegs": [ "eax" ], "writeRegs": [ "ecx" ], "readMem": [  ], "writtenMem": [  ] },
    { "address": 4195766, "hexDump": "D3E2", "text": "shl edx, cl", "readRegs": [ "edx", "cl" ], "writeRegs": [ "edx", "rflags" ], "readMem": [  ], "writtenMem": [  ] },
    { "address": 4195768, "hexDump": "89D0", "text": "mov eax, edx", "readRegs": [ "edx" ], "writeRegs": [ "eax" ], "readMem": [  ], "writtenMem": [  ] },
    { "address": 4195770, "hexDump": "8945F8", "text": "mov dword ptr [rbp-0x8], eax", "readRegs": [ "rbp", "eax" ], "writeRegs": [  ], "readMem": [  ], "writtenMem": [ [ 140733691690568, 4 ] ] },
    { "address": 4195773, "hexDump": "8B45EC", "text": "mov eax, dword ptr [rbp-0x14]", "readRegs": [ "rbp" ], "writeRegs": [ "eax" ], "readMem": [ [ 140733691690556, 4 ] ], "writtenMem": [  ] },
    { "address": 4195776, "hexDump": "6BD064", "text": "imul edx, eax, 0x64", "readRegs": [ "eax" ], "writeRegs": [ "edx", "rflags" ], "readMem": [  ], "writtenMem": [  ] },
    { "address": 4195779, "hexDump": "8B45DC", "text": "mov eax, dword ptr [rbp-0x24]", "readRegs": [ "rbp" ], "writeRegs": [ "eax" ], "readMem": [ [ 140733691690540, 4 ] ], "writtenMem": [  ] },
    { "address": 4195782, "hexDump": "01D0", "text": "add eax, edx", "readRegs": [ "eax", "edx" ], "writeRegs": [ "eax", "rflags" ], "readMem": [  ], "writtenMem": [  ] },
    { "address": 4195784, "hexDump": "8945FC", "text": "mov dword ptr [rbp-0x4], eax", "readRegs": [ "rbp", "eax" ], "writeRegs": [  ], "readMem": [  ], "writtenMem": [ [ 140733691690572, 4 ] ] },
    { "address": 4195787, "hexDump": "8B45FC", "text": "mov eax, dword ptr [rbp-0x4]", "readRegs": [ "rbp" ], "writeRegs": [ "eax" ], "readMem": [ [ 140733691690572, 4 ] ], "writtenMem": [  ] },
    { "address": 4195790, "hexDump": "0FAF45FC", "text": "imul eax, dword ptr [rbp-0x4]", "readRegs": [ "eax", "rbp" ], "writeRegs": [ "eax", "rflags" ], "readMem": [ [ 140733691690572, 4 ] ], "writtenMem": [  ] },
    { "address": 4195794, "hexDump": "8945FC", "text": "mov dword ptr [rbp-0x4], eax", "readRegs": [ "rbp", "eax" ], "writeRegs": [  ], "readMem": [  ], "writtenMem": [ [ 140733691690572, 4 ] ] },
    { "address": 4195797, "hexDump": "8B4DFC", "text": "mov ecx, dword ptr [rbp-0x4]", "readRegs": [ "rbp" ], "writeRegs": [ "ecx" ], "readMem": [ [ 140733691690572, 4 ] ], "writtenMem": [  ] },
    { "address": 4195800, "hexDump": "8B55F8", "text": "mov edx, dword ptr [rbp-0x8]", "readRegs": [ "rbp" ], "writeRegs": [ "edx" ], "readMem": [ [ 140733691690568, 4 ] ], "writtenMem": [  ] },
    { "address": 4195803, "hexDump": "8B45F4", "text": "mov eax, dword ptr [rbp-0xc]", "readRegs": [ "rbp" ], "writeRegs": [ "eax" ], "readMem": [ [ 140733691690564, 4 ] ], "writtenMem": [  ] },
    { "address": 4195806, "hexDump": "89C6", "text": "mov esi, eax", "readRegs": [ "eax" ], "writeRegs": [ "esi" ], "readMem": [  ], "writtenMem": [  ] },
    { "address": 4195808, "hexDump": "BF84064000", "text": "mov edi, 0x400684", "readRegs": [  ], "writeRegs": [ "edi" ], "readMem": [  ], "writtenMem": [  ] },
    { "address": 4195813, "hexDump": "B800000000", "text": "mov eax, 0x0", "readRegs": [  ], "writeRegs": [ "eax" ], "readMem": [  ], "writtenMem": [  ] },
    { "address": 4195818, "hexDump": "E811FEFFFF", "text": "call 0x400400", "isBranch": true, "isForeignBranch": true, "foreignTargetAddress": 4195328, "foreignTargetName": "printf@plt", "readRegs": [ "rip", "rsp" ], "writeRegs": [ "rip", "rsp" ], "readMem": [  ], "writtenMem": [ [ 140733691690520, 8 ] ] },
    { "address": 4195823, "hexDump": "B800000000", "text": "mov eax, 0x0", "readRegs": [  ], "writeRegs": [ "eax" ], "readMem": [  ], "writtenMem": [  ] },
    { "address": 4195828, "hexDump": "C9", "text": "leave ", "readRegs": [ "rbp", "rbp", "rsp" ], "writeRegs": [ "rbp", "rsp" ], "readMem": [ [ 140733691690576, 8 ] ], "writtenMem": [  ] },
    { "address": 4195829, "hexDump": "C3", "text": "ret ", "isBranch": true, "readRegs": [ "rsp" ], "writeRegs": [ "rip", "rsp" ], "readMem": [ [ 140733691690584, 8 ] ], "writtenMem": [  ] },
    { "address": 4195552, "hexDump": "803D510B200000", "text": "cmp byte ptr [rip+0x200b51], 0x0", "readRegs": [ "rip" ], "writeRegs": [ "rflags" ], "readMem": [ [ 6295608, 1 ] ], "writtenMem": [  ] },
    { "address": 4195559, "hexDump": "7511", "text": "jnz 0x4004fa", "isBranch": true, "readRegs": [ "rip", "rflags" ], "writeRegs": [ "rip" ], "readMem": [  ], "writtenMem": [  ] },
    { "address": 4195561, "hexDump": "55", "text": "push rbp", "readRegs": [ "rbp", "rsp" ], "writeRegs": [ "rsp" ], "readMem": [  ], "writtenMem": [ [ 140733691690304, 8 ] ] },
    { "address": 4195562, "hexDump": "4889E5", "text": "mov rbp, rsp", "readRegs": [ "rsp" ], "writeRegs": [ "rbp" ], "readMem": [  ], "writtenMem": [  ] },
    { "address": 4195565, "hexDump": "E86EFFFFFF", "text": "call 0x400460", "isBranch": true, "readRegs": [ "rip", "rsp" ], "writeRegs": [ "rip", "rsp" ], "readMem": [  ], "writtenMem": [ [ 140733691690296, 8 ] ] },
    { "address": 4195424, "hexDump": "B83F106000", "text": "mov eax, 0x60103f", "readRegs": [  ], "writeRegs": [ "eax" ], "readMem": [  ], "writtenMem": [  ] },
    { "address": 4195429, "hexDump": "55", "text": "push rbp", "readRegs": [ "rbp", "rsp" ], "writeRegs": [ "rsp" ], "readMem": [  ], "writtenMem": [ [ 140733691690288, 8 ] ] },
    { "address": 4195430, "hexDump": "482D38106000", "text": "sub rax, 0x601038", "readRegs": [ "rax" ], "writeRegs": [ "rax", "rflags" ], "readMem": [  ], "writtenMem": [  ] },
    { "address": 4195436, "hexDump": "4883F80E", "text": "cmp rax, 0xe", "readRegs": [ "rax" ], "writeRegs": [ "rflags" ], "readMem": [  ], "writtenMem": [  ] },
    { "address": 4195440, "hexDump": "4889E5", "text": "mov rbp, rsp", "readRegs": [ "rsp" ], "writeRegs": [ "rbp" ], "readMem": [  ], "writtenMem": [  ] },
    { "address": 4195443, "hexDump": "761B", "text": "jbe 0x400490", "isBranch": true, "readRegs": [ "rip", "rflags" ], "writeRegs": [ "rip" ], "readMem": [  ], "writtenMem": [  ] },
    { "address": 4195472, "hexDump": "5D", "text": "pop rbp", "readRegs": [ "rsp" ], "writeRegs": [ "rbp", "rsp" ], "readMem": [ [ 140733691690288, 8 ] ], "writtenMem": [  ] },
    { "address": 4195473, "hexDump": "C3", "text": "ret ", "isBranch": true, "readRegs": [ "rsp" ], "writeRegs": [ "rip", "rsp" ], "readMem": [ [ 140733691690296, 8 ] ], "writtenMem": [  ] },
    { "address": 4195570, "hexDump": "5D", "text": "pop rbp", "readRegs": [ "rsp" ], "writeRegs": [ "rbp", "rsp" ], "readMem": [ [ 140733691690304, 8 ] ], "writtenMem": [  ] },
    { "address": 4195571, "hexDump": "C6053E0B200001", "text": "mov byte ptr [rip+0x200b3e], 0x1", "readRegs": [ "rip" ], "writeRegs": [  ], "readMem": [  ], "writtenMem": [ [ 6295608, 1 ] ] },
    { "address": 4195578, "hexDump": "F3C3", "text": "ret ", "isBranch": true, "readRegs": [ "rsp" ], "writeRegs": [ "rip", "rsp" ], "readMem": [ [ 140733691690312, 8 ] ], "writtenMem": [  ] },
    { "address": 4195956, "hexDump": "4883EC08", "text": "sub rsp, 0x8", "readRegs": [ "rsp" ], "writeRegs": [ "rsp", "rflags" ], "readMem": [  ], "writtenMem": [  ] },
    { "address": 4195960, "hexDump": "4883C408", "text": "add rsp, 0x8", "readRegs": [ "rsp" ], "writeRegs": [ "rsp", "rflags" ], "readMem": [  ], "writtenMem": [  ] },
    { "address": 4195964, "hexDump": "C3", "text": "ret ", "isBranch": true, "readRegs": [ "rsp" ], "writeRegs": [ "rip", "rsp" ], "readMem": [ [ 140733691690312, 8 ] ], "writtenMem": [  ] }
]
