[
    { "address": 4195696, "hexDump": "31ED", "text": "xor ebp, ebp", "readRegs": [ "ebp", "ebp" ], "writeRegs": [ "ebp", "rflags" ], "readMem": [  ], "writtenMem": [  ] },
    { "address": 4195698, "hexDump": "4989D1", "text": "mov r9, rdx", "readRegs": [ "rdx" ], "writeRegs": [ "r9" ], "readMem": [  ], "writtenMem": [  ] },
    { "address": 4195701, "hexDump": "5E", "text": "pop rsi", "readRegs": [ "rsp" ], "writeRegs": [ "rsi", "rsp" ], "readMem": [ [ 140723826175408, 8 ] ], "writtenMem": [  ] },
    { "address": 4195702, "hexDump": "4889E2", "text": "mov rdx, rsp", "readRegs": [ "rsp" ], "writeRegs": [ "rdx" ], "readMem": [  ], "writtenMem": [  ] },
    { "address": 4195705, "hexDump": "4883E4F0", "text": "and rsp, 0xfffffffffffffff0", "readRegs": [ "rsp" ], "writeRegs": [ "rsp", "rflags" ], "readMem": [  ], "writtenMem": [  ] },
    { "address": 4195709, "hexDump": "50", "text": "push rax", "readRegs": [ "rax", "rsp" ], "writeRegs": [ "rsp" ], "readMem": [  ], "writtenMem": [ [ 140723826175400, 8 ] ] },
    { "address": 4195710, "hexDump": "54", "text": "push rsp", "readRegs": [ "rsp", "rsp" ], "writeRegs": [ "rsp" ], "readMem": [  ], "writtenMem": [ [ 140723826175392, 8 ] ] },
    { "address": 4195711, "hexDump": "49C7C090074000", "text": "mov r8, 0x400790", "readRegs": [  ], "writeRegs": [ "r8" ], "readMem": [  ], "writtenMem": [  ] },
    { "address": 4195718, "hexDump": "48C7C120074000", "text": "mov rcx, 0x400720", "readRegs": [  ], "writeRegs": [ "rcx" ], "readMem": [  ], "writtenMem": [  ] },
    { "address": 4195725, "hexDump": "48C7C766064000", "text": "mov rdi, 0x400666", "readRegs": [  ], "writeRegs": [ "rdi" ], "readMem": [  ], "writtenMem": [  ] },
    { "address": 4195732, "hexDump": "E897FFFFFF", "text": "call 0x400530", "isBranch": true, "isForeignBranch": true, "foreignTargetAddress": 4195632, "foreignTargetName": "__libc_start_main@plt", "readRegs": [ "rip", "rsp" ], "writeRegs": [ "rip", "rsp" ], "readMem": [  ], "writtenMem": [ [ 140723826175384, 8 ] ] },
    { "address": 4196128, "hexDump": "4157", "text": "push r15", "readRegs": [ "r15", "rsp" ], "writeRegs": [ "rsp" ], "readMem": [  ], "writtenMem": [ [ 140723826175184, 8 ] ] },
    { "address": 4196130, "hexDump": "4156", "text": "push r14", "readRegs": [ "r14", "rsp" ], "writeRegs": [ "rsp" ], "readMem": [  ], "writtenMem": [ [ 140723826175176, 8 ] ] },
    { "address": 4196132, "hexDump": "4189FF", "text": "mov r15d, edi", "readRegs": [ "edi" ], "writeRegs": [ "r15d" ], "readMem": [  ], "writtenMem": [  ] },
    { "address": 4196135, "hexDump": "4155", "text": "push r13", "readRegs": [ "r13", "rsp" ], "writeRegs": [ "rsp" ], "readMem": [  ], "writtenMem": [ [ 140723826175168, 8 ] ] },
    { "address": 4196137, "hexDump": "4154", "text": "push r12", "readRegs": [ "r12", "rsp" ], "writeRegs": [ "rsp" ], "readMem": [  ], "writtenMem": [ [ 140723826175160, 8 ] ] },
    { "address": 4196139, "hexDump": "4C8D25DE062000", "text": "lea r12, ptr [rip+0x2006de]", "readRegs": [ "rip" ], "writeRegs": [ "r12" ], "readMem": [  ], "writtenMem": [  ] },
    { "address": 4196146, "hexDump": "55", "text": "push rbp", "readRegs": [ "rbp", "rsp" ], "writeRegs": [ "rsp" ], "readMem": [  ], "writtenMem": [ [ 140723826175152, 8 ] ] },
    { "address": 4196147, "hexDump": "488D2DDE062000", "text": "lea rbp, ptr [rip+0x2006de]", "readRegs": [ "rip" ], "writeRegs": [ "rbp" ], "readMem": [  ], "writtenMem": [  ] },
    { "address": 4196154, "hexDump": "53", "text": "push rbx", "readRegs": [ "rbx", "rsp" ], "writeRegs": [ "rsp" ], "readMem": [  ], "writtenMem": [ [ 140723826175144, 8 ] ] },
    { "address": 4196155, "hexDump": "4989F6", "text": "mov r14, rsi", "readRegs": [ "rsi" ], "writeRegs": [ "r14" ], "readMem": [  ], "writtenMem": [  ] },
    { "address": 4196158, "hexDump": "4989D5", "text": "mov r13, rdx", "readRegs": [ "rdx" ], "writeRegs": [ "r13" ], "readMem": [  ], "writtenMem": [  ] },
    { "address": 4196161, "hexDump": "4C29E5", "text": "sub rbp, r12", "readRegs": [ "rbp", "r12" ], "writeRegs": [ "rbp", "rflags" ], "readMem": [  ], "writtenMem": [  ] },
    { "address": 4196164, "hexDump": "4883EC08", "text": "sub rsp, 0x8", "readRegs": [ "rsp" ], "writeRegs": [ "rsp", "rflags" ], "readMem": [  ], "writtenMem": [  ] },
    { "address": 4196168, "hexDump": "48C1FD03", "text": "sar rbp, 0x3", "readRegs": [ "rbp" ], "writeRegs": [ "rbp", "rflags" ], "readMem": [  ], "writtenMem": [  ] },
    { "address": 4196172, "hexDump": "E87FFDFFFF", "text": "call 0x4004d0", "isBranch": true, "readRegs": [ "rip", "rsp" ], "writeRegs": [ "rip", "rsp" ], "readMem": [  ], "writtenMem": [ [ 140723826175128, 8 ] ] },
    { "address": 4195536, "hexDump": "4883EC08", "text": "sub rsp, 0x8", "readRegs": [ "rsp" ], "writeRegs": [ "rsp", "rflags" ], "readMem": [  ], "writtenMem": [  ] },
    { "address": 4195540, "hexDump": "488B051D0B2000", "text": "mov rax, qword ptr [rip+0x200b1d]", "readRegs": [ "rip" ], "writeRegs": [ "rax" ], "readMem": [ [ 6295544, 8 ] ], "writtenMem": [  ] },
    { "address": 4195547, "hexDump": "4885C0", "text": "test rax, rax", "readRegs": [ "rax", "rax" ], "writeRegs": [ "rflags" ], "readMem": [  ], "writtenMem": [  ] },
    { "address": 4195550, "hexDump": "7405", "text": "jz 0x4004e5", "isBranch": true, "readRegs": [ "rip", "rflags" ], "writeRegs": [ "rip" ], "readMem": [  ], "writtenMem": [  ] },
    { "address": 4195557, "hexDump": "4883C408", "text": "add rsp, 0x8", "readRegs": [ "rsp" ], "writeRegs": [ "rsp", "rflags" ], "readMem": [  ], "writtenMem": [  ] },
    { "address": 4195561, "hexDump": "C3", "text": "ret ", "isBranch": true, "readRegs": [ "rsp" ], "writeRegs": [ "rip", "rsp" ], "readMem": [ [ 140723826175128, 8 ] ], "writtenMem": [  ] },
    { "address": 4196177, "hexDump": "4885ED", "text": "test rbp, rbp", "readRegs": [ "rbp", "rbp" ], "writeRegs": [ "rflags" ], "readMem": [  ], "writtenMem": [  ] },
    { "address": 4196180, "hexDump": "7420", "text": "jz 0x400776", "isBranch": true, "readRegs": [ "rip", "rflags" ], "writeRegs": [ "rip" ], "readMem": [  ], "writtenMem": [  ] },
    { "address": 4196182, "hexDump": "31DB", "text": "xor ebx, ebx", "readRegs": [ "ebx", "ebx" ], "writeRegs": [ "ebx", "rflags" ], "readMem": [  ], "writtenMem": [  ] },
    { "address": 4196184, "hexDump": "0F1F840000000000", "text": "nop dword ptr [rax+rax*1], eax", "readRegs": [ "rax", "rax", "eax" ], "writeRegs": [  ], "readMem": [  ], "writtenMem": [  ] },
    { "address": 4196192, "hexDump": "4C89EA", "text": "mov rdx, r13", "readRegs": [ "r13" ], "writeRegs": [ "rdx" ], "readMem": [  ], "writtenMem": [  ] },
    { "address": 4196195, "hexDump": "4C89F6", "text": "mov rsi, r14", "readRegs": [ "r14" ], "writeRegs": [ "rsi" ], "readMem": [  ], "writtenMem": [  ] },
    { "address": 4196198, "hexDump": "4489FF", "text": "mov edi, r15d", "readRegs": [ "r15d" ], "writeRegs": [ "edi" ], "readMem": [  ], "writtenMem": [  ] },
    { "address": 4196201, "hexDump": "41FF14DC", "text": "call qword ptr [r12+rbx*8]", "isBranch": true, "readRegs": [ "r12", "rbx", "rip", "rsp" ], "writeRegs": [ "rip", "rsp" ], "readMem": [ [ 6295056, 8 ] ], "writtenMem": [ [ 140723826175128, 8 ] ] },
    { "address": 4195904, "hexDump": "BF200E6000", "text": "mov edi, 0x600e20", "readRegs": [  ], "writeRegs": [ "edi" ], "readMem": [  ], "writtenMem": [  ] },
    { "address": 4195909, "hexDump": "48833F00", "text": "cmp qword ptr [rdi], 0x0", "readRegs": [ "rdi" ], "writeRegs": [ "rflags" ], "readMem": [ [ 6295072, 8 ] ], "writtenMem": [  ] },
    { "address": 4195913, "hexDump": "7505", "text": "jnz 0x400650", "isBranch": true, "readRegs": [ "rip", "rflags" ], "writeRegs": [ "rip" ], "readMem": [  ], "writtenMem": [  ] },
    { "address": 4195915, "hexDump": "EB93", "text": "jmp 0x4005e0", "isBranch": true, "readRegs": [ "rip" ], "writeRegs": [ "rip" ], "readMem": [  ], "writtenMem": [  ] },
    { "address": 4195808, "hexDump": "BE58106000", "text": "mov esi, 0x601058", "readRegs": [  ], "writeRegs": [ "esi" ], "readMem": [  ], "writtenMem": [  ] },
    { "address": 4195813, "hexDump": "55", "text": "push rbp", "readRegs": [ "rbp", "rsp" ], "writeRegs": [ "rsp" ], "readMem": [  ], "writtenMem": [ [ 140723826175120, 8 ] ] },
    { "address": 4195814, "hexDump": "4881EE58106000", "text": "sub rsi, 0x601058", "readRegs": [ "rsi" ], "writeRegs": [ "rsi", "rflags" ], "readMem": [  ], "writtenMem": [  ] },
    { "address": 4195821, "hexDump": "48C1FE03", "text": "sar rsi, 0x3", "readRegs": [ "rsi" ], "writeRegs": [ "rsi", "rflags" ], "readMem": [  ], "writtenMem": [  ] },
    { "address": 4195825, "hexDump": "4889E5", "text": "mov rbp, rsp", "readRegs": [ "rsp" ], "writeRegs": [ "rbp" ], "readMem": [  ], "writtenMem": [  ] },
    { "address": 4195828, "hexDump": "4889F0", "text": "mov rax, rsi", "readRegs": [ "rsi" ], "writeRegs": [ "rax" ], "readMem": [  ], "writtenMem": [  ] },
    { "address": 4195831, "hexDump": "48C1E83F", "text": "shr rax, 0x3f", "readRegs": [ "rax" ], "writeRegs": [ "rax", "rflags" ], "readMem": [  ], "writtenMem": [  ] },
    { "address": 4195835, "hexDump": "4801C6", "text": "add rsi, rax", "readRegs": [ "rsi", "rax" ], "writeRegs": [ "rsi", "rflags" ], "readMem": [  ], "writtenMem": [  ] },
    { "address": 4195838, "hexDump": "48D1FE", "text": "sar rsi, 0x1", "readRegs": [ "rsi" ], "writeRegs": [ "rsi", "rflags" ], "readMem": [  ], "writtenMem": [  ] },
    { "address": 4195841, "hexDump": "7415", "text": "jz 0x400618", "isBranch": true, "readRegs": [ "rip", "rflags" ], "writeRegs": [ "rip" ], "readMem": [  ], "writtenMem": [  ] },
    { "address": 4195864, "hexDump": "5D", "text": "pop rbp", "readRegs": [ "rsp" ], "writeRegs": [ "rbp", "rsp" ], "readMem": [ [ 140723826175120, 8 ] ], "writtenMem": [  ] },
    { "address": 4195865, "hexDump": "C3", "text": "ret ", "isBranch": true, "readRegs": [ "rsp" ], "writeRegs": [ "rip", "rsp" ], "readMem": [ [ 140723826175128, 8 ] ], "writtenMem": [  ] },
    { "address": 4196205, "hexDump": "4883C301", "text": "add rbx, 0x1", "readRegs": [ "rbx" ], "writeRegs": [ "rbx", "rflags" ], "readMem": [  ], "writtenMem": [  ] },
    { "address": 4196209, "hexDump": "4839EB", "text": "cmp rbx, rbp", "readRegs": [ "rbx", "rbp" ], "writeRegs": [ "rflags" ], "readMem": [  ], "writtenMem": [  ] },
    { "address": 4196212, "hexDump": "75EA", "text": "jnz 0x400760", "isBranch": true, "readRegs": [ "rip", "rflags" ], "writeRegs": [ "rip" ], "readMem": [  ], "writtenMem": [  ] },
    { "address": 4196214, "hexDump": "4883C408", "text": "add rsp, 0x8", "readRegs": [ "rsp" ], "writeRegs": [ "rsp", "rflags" ], "readMem": [  ], "writtenMem": [  ] },
    { "address": 4196218, "hexDump": "5B", "text": "pop rbx", "readRegs": [ "rsp" ], "writeRegs": [ "rbx", "rsp" ], "readMem": [ [ 140723826175144, 8 ] ], "writtenMem": [  ] },
    { "address": 4196219, "hexDump": "5D", "text": "pop rbp", "readRegs": [ "rsp" ], "writeRegs": [ "rbp", "rsp" ], "readMem": [ [ 140723826175152, 8 ] ], "writtenMem": [  ] },
    { "address": 4196220, "hexDump": "415C", "text": "pop r12", "readRegs": [ "rsp" ], "writeRegs": [ "r12", "rsp" ], "readMem": [ [ 140723826175160, 8 ] ], "writtenMem": [  ] },
    { "address": 4196222, "hexDump": "415D", "text": "pop r13", "readRegs": [ "rsp" ], "writeRegs": [ "r13", "rsp" ], "readMem": [ [ 140723826175168, 8 ] ], "writtenMem": [  ] },
    { "address": 4196224, "hexDump": "415E", "text": "pop r14", "readRegs": [ "rsp" ], "writeRegs": [ "r14", "rsp" ], "readMem": [ [ 140723826175176, 8 ] ], "writtenMem": [  ] },
    { "address": 4196226, "hexDump": "415F", "text": "pop r15", "readRegs": [ "rsp" ], "writeRegs": [ "r15", "rsp" ], "readMem": [ [ 140723826175184, 8 ] ], "writtenMem": [  ] },
    { "address": 4196228, "hexDump": "C3", "text": "ret ", "isBranch": true, "readRegs": [ "rsp" ], "writeRegs": [ "rip", "rsp" ], "readMem": [ [ 140723826175192, 8 ] ], "writtenMem": [  ] },
    { "address": 4195942, "hexDump": "55", "text": "push rbp", "readRegs": [ "rbp", "rsp" ], "writeRegs": [ "rsp" ], "readMem": [  ], "writtenMem": [ [ 140723826175184, 8 ] ] },
    { "address": 4195943, "hexDump": "4889E5", "text": "mov rbp, rsp", "readRegs": [ "rsp" ], "writeRegs": [ "rbp" ], "readMem": [  ], "writtenMem": [  ] },
    { "address": 4195946, "hexDump": "4883EC40", "text": "sub rsp, 0x40", "readRegs": [ "rsp" ], "writeRegs": [ "rsp", "rflags" ], "readMem": [  ], "writtenMem": [  ] },
    { "address": 4195950, "hexDump": "64488B042528000000", "text": "mov rax, qword ptr fs:[0x28]", "readRegs": [ "fs" ], "writeRegs": [ "rax" ], "readMem": [ [ 140244701161256, 8 ] ], "writtenMem": [  ] },
    { "address": 4195959, "hexDump": "488945F8", "text": "mov qword ptr [rbp-0x8], rax", "readRegs": [ "rbp", "rax" ], "writeRegs": [  ], "readMem": [  ], "writtenMem": [ [ 140723826175176, 8 ] ] },
    { "address": 4195963, "hexDump": "31C0", "text": "xor eax, eax", "readRegs": [ "eax", "eax" ], "writeRegs": [ "eax", "rflags" ], "readMem": [  ], "writtenMem": [  ] },
    { "address": 4195965, "hexDump": "48B870617373776F7264", "text": "mov rax, 0x64726f7773736170", "readRegs": [  ], "writeRegs": [ "rax" ], "readMem": [  ], "writtenMem": [  ] },
    { "address": 4195975, "hexDump": "488945E0", "text": "mov qword ptr [rbp-0x20], rax", "readRegs": [ "rbp", "rax" ], "writeRegs": [  ], "readMem": [  ], "writtenMem": [ [ 140723826175152, 8 ] ] },
    { "address": 4195979, "hexDump": "C645E800", "text": "mov byte ptr [rbp-0x18], 0x0", "readRegs": [ "rbp" ], "writeRegs": [  ], "readMem": [  ], "writtenMem": [ [ 140723826175160, 1 ] ] },
    { "address": 4195983, "hexDump": "BF09000000", "text": "mov edi, 0x9", "readRegs": [  ], "writeRegs": [ "edi" ], "readMem": [  ], "writtenMem": [  ] },
    { "address": 4195988, "hexDump": "E8A7FEFFFF", "text": "call 0x400540", "isBranch": true, "isForeignBranch": true, "foreignTargetAddress": 4195648, "foreignTargetName": "malloc@plt", "readRegs": [ "rip", "rsp" ], "writeRegs": [ "rip", "rsp" ], "readMem": [  ], "writtenMem": [ [ 140723826175112, 8 ] ] },
    { "address": 4195993, "hexDump": "488945D0", "text": "mov qword ptr [rbp-0x30], rax", "readRegs": [ "rbp", "rax" ], "writeRegs": [  ], "readMem": [  ], "writtenMem": [ [ 140723826175136, 8 ] ] },
    { "address": 4195997, "hexDump": "C745CC00000000", "text": "mov dword ptr [rbp-0x34], 0x0", "readRegs": [ "rbp" ], "writeRegs": [  ], "readMem": [  ], "writtenMem": [ [ 140723826175132, 4 ] ] },
    { "address": 4196004, "hexDump": "EB1D", "text": "jmp 0x4006c3", "isBranch": true, "readRegs": [ "rip" ], "writeRegs": [ "rip" ], "readMem": [  ], "writtenMem": [  ] },
    { "address": 4196035, "hexDump": "8B45CC", "text": "mov eax, dword ptr [rbp-0x34]", "readRegs": [ "rbp" ], "writeRegs": [ "eax" ], "readMem": [ [ 140723826175132, 4 ] ], "writtenMem": [  ] },
    { "address": 4196038, "hexDump": "83F808", "text": "cmp eax, 0x8", "readRegs": [ "eax" ], "writeRegs": [ "rflags" ], "readMem": [  ], "writtenMem": [  ] },
    { "address": 4196041, "hexDump": "76DB", "text": "jbe 0x4006a6", "isBranch": true, "readRegs": [ "rip", "rflags" ], "writeRegs": [ "rip" ], "readMem": [  ], "writtenMem": [  ] },
    { "address": 4196006, "hexDump": "8B45CC", "text": "mov eax, dword ptr [rbp-0x34]", "readRegs": [ "rbp" ], "writeRegs": [ "eax" ], "readMem": [ [ 140723826175132, 4 ] ], "writtenMem": [  ] },
    { "address": 4196009, "hexDump": "4863D0", "text": "movsxd rdx, eax", "readRegs": [ "eax" ], "writeRegs": [ "rdx" ], "readMem": [  ], "writtenMem": [  ] },
    { "address": 4196012, "hexDump": "488B45D0", "text": "mov rax, qword ptr [rbp-0x30]", "readRegs": [ "rbp" ], "writeRegs": [ "rax" ], "readMem": [ [ 140723826175136, 8 ] ], "writtenMem": [  ] },
    { "address": 4196016, "hexDump": "4801C2", "text": "add rdx, rax", "readRegs": [ "rdx", "rax" ], "writeRegs": [ "rdx", "rflags" ], "readMem": [  ], "writtenMem": [  ] },
    { "address": 4196019, "hexDump": "8B45CC", "text": "mov eax, dword ptr [rbp-0x34]", "readRegs": [ "rbp" ], "writeRegs": [ "eax" ], "readMem": [ [ 140723826175132, 4 ] ], "writtenMem": [  ] },
    { "address": 4196022, "hexDump": "4898", "text": "cdqe ", "readRegs": [ "eax" ], "writeRegs": [ "rax" ], "readMem": [  ], "writtenMem": [  ] },
    { "address": 4196024, "hexDump": "0FB64405E0", "text": "movzx eax, byte ptr [rbp+rax*1-0x20]", "readRegs": [ "rbp", "rax" ], "writeRegs": [ "eax" ], "readMem": [ [ 140723826175152, 1 ] ], "writtenMem": [  ] },
    { "address": 4196029, "hexDump": "8802", "text": "mov byte ptr [rdx], al", "readRegs": [ "rdx", "al" ], "writeRegs": [  ], "readMem": [  ], "writtenMem": [ [ 31584272, 1 ] ] },
    { "address": 4196031, "hexDump": "8345CC01", "text": "add dword ptr [rbp-0x34], 0x1", "readRegs": [ "rbp" ], "writeRegs": [ "rflags" ], "readMem": [ [ 140723826175132, 4 ] ], "writtenMem": [ [ 140723826175132, 4 ] ] },
    { "address": 4196035, "hexDump": "8B45CC", "text": "mov eax, dword ptr [rbp-0x34]", "readRegs": [ "rbp" ], "writeRegs": [ "eax" ], "readMem": [ [ 140723826175132, 4 ] ], "writtenMem": [  ] },
    { "address": 4196038, "hexDump": "83F808", "text": "cmp eax, 0x8", "readRegs": [ "eax" ], "writeRegs": [ "rflags" ], "readMem": [  ], "writtenMem": [  ] },
    { "address": 4196041, "hexDump": "76DB", "text": "jbe 0x4006a6", "isBranch": true, "readRegs": [ "rip", "rflags" ], "writeRegs": [ "rip" ], "readMem": [  ], "writtenMem": [  ] },
    { "address": 4196006, "hexDump": "8B45CC", "text": "mov eax, dword ptr [rbp-0x34]", "readRegs": [ "rbp" ], "writeRegs": [ "eax" ], "readMem": [ [ 140723826175132, 4 ] ], "writtenMem": [  ] },
    { "address": 4196009, "hexDump": "4863D0", "text": "movsxd rdx, eax", "readRegs": [ "eax" ], "writeRegs": [ "rdx" ], "readMem": [  ], "writtenMem": [  ] },
    { "address": 4196012, "hexDump": "488B45D0", "text": "mov rax, qword ptr [rbp-0x30]", "readRegs": [ "rbp" ], "writeRegs": [ "rax" ], "readMem": [ [ 140723826175136, 8 ] ], "writtenMem": [  ] },
    { "address": 4196016, "hexDump": "4801C2", "text": "add rdx, rax", "readRegs": [ "rdx", "rax" ], "writeRegs": [ "rdx", "rflags" ], "readMem": [  ], "writtenMem": [  ] },
    { "address": 4196019, "hexDump": "8B45CC", "text": "mov eax, dword ptr [rbp-0x34]", "readRegs": [ "rbp" ], "writeRegs": [ "eax" ], "readMem": [ [ 140723826175132, 4 ] ], "writtenMem": [  ] },
    { "address": 4196022, "hexDump": "4898", "text": "cdqe ", "readRegs": [ "eax" ], "writeRegs": [ "rax" ], "readMem": [  ], "writtenMem": [  ] },
    { "address": 4196024, "hexDump": "0FB64405E0", "text": "movzx eax, byte ptr [rbp+rax*1-0x20]", "readRegs": [ "rbp", "rax" ], "writeRegs": [ "eax" ], "readMem": [ [ 140723826175153, 1 ] ], "writtenMem": [  ] },
    { "address": 4196029, "hexDump": "8802", "text": "mov byte ptr [rdx], al", "readRegs": [ "rdx", "al" ], "writeRegs": [  ], "readMem": [  ], "writtenMem": [ [ 31584273, 1 ] ] },
    { "address": 4196031, "hexDump": "8345CC01", "text": "add dword ptr [rbp-0x34], 0x1", "readRegs": [ "rbp" ], "writeRegs": [ "rflags" ], "readMem": [ [ 140723826175132, 4 ] ], "writtenMem": [ [ 140723826175132, 4 ] ] },
    { "address": 4196035, "hexDump": "8B45CC", "text": "mov eax, dword ptr [rbp-0x34]", "readRegs": [ "rbp" ], "writeRegs": [ "eax" ], "readMem": [ [ 140723826175132, 4 ] ], "writtenMem": [  ] },
    { "address": 4196038, "hexDump": "83F808", "text": "cmp eax, 0x8", "readRegs": [ "eax" ], "writeRegs": [ "rflags" ], "readMem": [  ], "writtenMem": [  ] },
    { "address": 4196041, "hexDump": "76DB", "text": "jbe 0x4006a6", "isBranch": true, "readRegs": [ "rip", "rflags" ], "writeRegs": [ "rip" ], "readMem": [  ], "writtenMem": [  ] },
    { "address": 4196006, "hexDump": "8B45CC", "text": "mov eax, dword ptr [rbp-0x34]", "readRegs": [ "rbp" ], "writeRegs": [ "eax" ], "readMem": [ [ 140723826175132, 4 ] ], "writtenMem": [  ] },
    { "address": 4196009, "hexDump": "4863D0", "text": "movsxd rdx, eax", "readRegs": [ "eax" ], "writeRegs": [ "rdx" ], "readMem": [  ], "writtenMem": [  ] },
    { "address": 4196012, "hexDump": "488B45D0", "text": "mov rax, qword ptr [rbp-0x30]", "readRegs": [ "rbp" ], "writeRegs": [ "rax" ], "readMem": [ [ 140723826175136, 8 ] ], "writtenMem": [  ] },
    { "address": 4196016, "hexDump": "4801C2", "text": "add rdx, rax", "readRegs": [ "rdx", "rax" ], "writeRegs": [ "rdx", "rflags" ], "readMem": [  ], "writtenMem": [  ] },
    { "address": 4196019, "hexDump": "8B45CC", "text": "mov eax, dword ptr [rbp-0x34]", "readRegs": [ "rbp" ], "writeRegs": [ "eax" ], "readMem": [ [ 140723826175132, 4 ] ], "writtenMem": [  ] },
    { "address": 4196022, "hexDump": "4898", "text": "cdqe ", "readRegs": [ "eax" ], "writeRegs": [ "rax" ], "readMem": [  ], "writtenMem": [  ] },
    { "address": 4196024, "hexDump": "0FB64405E0", "text": "movzx eax, byte ptr [rbp+rax*1-0x20]", "readRegs": [ "rbp", "rax" ], "writeRegs": [ "eax" ], "readMem": [ [ 140723826175154, 1 ] ], "writtenMem": [  ] },
    { "address": 4196029, "hexDump": "8802", "text": "mov byte ptr [rdx], al", "readRegs": [ "rdx", "al" ], "writeRegs": [  ], "readMem": [  ], "writtenMem": [ [ 31584274, 1 ] ] },
    { "address": 4196031, "hexDump": "8345CC01", "text": "add dword ptr [rbp-0x34], 0x1", "readRegs": [ "rbp" ], "writeRegs": [ "rflags" ], "readMem": [ [ 140723826175132, 4 ] ], "writtenMem": [ [ 140723826175132, 4 ] ] },
    { "address": 4196035, "hexDump": "8B45CC", "text": "mov eax, dword ptr [rbp-0x34]", "readRegs": [ "rbp" ], "writeRegs": [ "eax" ], "readMem": [ [ 140723826175132, 4 ] ], "writtenMem": [  ] },
    { "address": 4196038, "hexDump": "83F808", "text": "cmp eax, 0x8", "readRegs": [ "eax" ], "writeRegs": [ "rflags" ], "readMem": [  ], "writtenMem": [  ] },
    { "address": 4196041, "hexDump": "76DB", "text": "jbe 0x4006a6", "isBranch": true, "readRegs": [ "rip", "rflags" ], "writeRegs": [ "rip" ], "readMem": [  ], "writtenMem": [  ] },
    { "address": 4196006, "hexDump": "8B45CC", "text": "mov eax, dword ptr [rbp-0x34]", "readRegs": [ "rbp" ], "writeRegs": [ "eax" ], "readMem": [ [ 140723826175132, 4 ] ], "writtenMem": [  ] },
    { "address": 4196009, "hexDump": "4863D0", "text": "movsxd rdx, eax", "readRegs": [ "eax" ], "writeRegs": [ "rdx" ], "readMem": [  ], "writtenMem": [  ] },
    { "address": 4196012, "hexDump": "488B45D0", "text": "mov rax, qword ptr [rbp-0x30]", "readRegs": [ "rbp" ], "writeRegs": [ "rax" ], "readMem": [ [ 140723826175136, 8 ] ], "writtenMem": [  ] },
    { "address": 4196016, "hexDump": "4801C2", "text": "add rdx, rax", "readRegs": [ "rdx", "rax" ], "writeRegs": [ "rdx", "rflags" ], "readMem": [  ], "writtenMem": [  ] },
    { "address": 4196019, "hexDump": "8B45CC", "text": "mov eax, dword ptr [rbp-0x34]", "readRegs": [ "rbp" ], "writeRegs": [ "eax" ], "readMem": [ [ 140723826175132, 4 ] ], "writtenMem": [  ] },
    { "address": 4196022, "hexDump": "4898", "text": "cdqe ", "readRegs": [ "eax" ], "writeRegs": [ "rax" ], "readMem": [  ], "writtenMem": [  ] },
    { "address": 4196024, "hexDump": "0FB64405E0", "text": "movzx eax, byte ptr [rbp+rax*1-0x20]", "readRegs": [ "rbp", "rax" ], "writeRegs": [ "eax" ], "readMem": [ [ 140723826175155, 1 ] ], "writtenMem": [  ] },
    { "address": 4196029, "hexDump": "8802", "text": "mov byte ptr [rdx], al", "readRegs": [ "rdx", "al" ], "writeRegs": [  ], "readMem": [  ], "writtenMem": [ [ 31584275, 1 ] ] },
    { "address": 4196031, "hexDump": "8345CC01", "text": "add dword ptr [rbp-0x34], 0x1", "readRegs": [ "rbp" ], "writeRegs": [ "rflags" ], "readMem": [ [ 140723826175132, 4 ] ], "writtenMem": [ [ 140723826175132, 4 ] ] },
    { "address": 4196035, "hexDump": "8B45CC", "text": "mov eax, dword ptr [rbp-0x34]", "readRegs": [ "rbp" ], "writeRegs": [ "eax" ], "readMem": [ [ 140723826175132, 4 ] ], "writtenMem": [  ] },
    { "address": 4196038, "hexDump": "83F808", "text": "cmp eax, 0x8", "readRegs": [ "eax" ], "writeRegs": [ "rflags" ], "readMem": [  ], "writtenMem": [  ] },
    { "address": 4196041, "hexDump": "76DB", "text": "jbe 0x4006a6", "isBranch": true, "readRegs": [ "rip", "rflags" ], "writeRegs": [ "rip" ], "readMem": [  ], "writtenMem": [  ] },
    { "address": 4196006, "hexDump": "8B45CC", "text": "mov eax, dword ptr [rbp-0x34]", "readRegs": [ "rbp" ], "writeRegs": [ "eax" ], "readMem": [ [ 140723826175132, 4 ] ], "writtenMem": [  ] },
    { "address": 4196009, "hexDump": "4863D0", "text": "movsxd rdx, eax", "readRegs": [ "eax" ], "writeRegs": [ "rdx" ], "readMem": [  ], "writtenMem": [  ] },
    { "address": 4196012, "hexDump": "488B45D0", "text": "mov rax, qword ptr [rbp-0x30]", "readRegs": [ "rbp" ], "writeRegs": [ "rax" ], "readMem": [ [ 140723826175136, 8 ] ], "writtenMem": [  ] },
    { "address": 4196016, "hexDump": "4801C2", "text": "add rdx, rax", "readRegs": [ "rdx", "rax" ], "writeRegs": [ "rdx", "rflags" ], "readMem": [  ], "writtenMem": [  ] },
    { "address": 4196019, "hexDump": "8B45CC", "text": "mov eax, dword ptr [rbp-0x34]", "readRegs": [ "rbp" ], "writeRegs": [ "eax" ], "readMem": [ [ 140723826175132, 4 ] ], "writtenMem": [  ] },
    { "address": 4196022, "hexDump": "4898", "text": "cdqe ", "readRegs": [ "eax" ], "writeRegs": [ "rax" ], "readMem": [  ], "writtenMem": [  ] },
    { "address": 4196024, "hexDump": "0FB64405E0", "text": "movzx eax, byte ptr [rbp+rax*1-0x20]", "readRegs": [ "rbp", "rax" ], "writeRegs": [ "eax" ], "readMem": [ [ 140723826175156, 1 ] ], "writtenMem": [  ] },
    { "address": 4196029, "hexDump": "8802", "text": "mov byte ptr [rdx], al", "readRegs": [ "rdx", "al" ], "writeRegs": [  ], "readMem": [  ], "writtenMem": [ [ 31584276, 1 ] ] },
    { "address": 4196031, "hexDump": "8345CC01", "text": "add dword ptr [rbp-0x34], 0x1", "readRegs": [ "rbp" ], "writeRegs": [ "rflags" ], "readMem": [ [ 140723826175132, 4 ] ], "writtenMem": [ [ 140723826175132, 4 ] ] },
    { "address": 4196035, "hexDump": "8B45CC", "text": "mov eax, dword ptr [rbp-0x34]", "readRegs": [ "rbp" ], "writeRegs": [ "eax" ], "readMem": [ [ 140723826175132, 4 ] ], "writtenMem": [  ] },
    { "address": 4196038, "hexDump": "83F808", "text": "cmp eax, 0x8", "readRegs": [ "eax" ], "writeRegs": [ "rflags" ], "readMem": [  ], "writtenMem": [  ] },
    { "address": 4196041, "hexDump": "76DB", "text": "jbe 0x4006a6", "isBranch": true, "readRegs": [ "rip", "rflags" ], "writeRegs": [ "rip" ], "readMem": [  ], "writtenMem": [  ] },
    { "address": 4196006, "hexDump": "8B45CC", "text": "mov eax, dword ptr [rbp-0x34]", "readRegs": [ "rbp" ], "writeRegs": [ "eax" ], "readMem": [ [ 140723826175132, 4 ] ], "writtenMem": [  ] },
    { "address": 4196009, "hexDump": "4863D0", "text": "movsxd rdx, eax", "readRegs": [ "eax" ], "writeRegs": [ "rdx" ], "readMem": [  ], "writtenMem": [  ] },
    { "address": 4196012, "hexDump": "488B45D0", "text": "mov rax, qword ptr [rbp-0x30]", "readRegs": [ "rbp" ], "writeRegs": [ "rax" ], "readMem": [ [ 140723826175136, 8 ] ], "writtenMem": [  ] },
    { "address": 4196016, "hexDump": "4801C2", "text": "add rdx, rax", "readRegs": [ "rdx", "rax" ], "writeRegs": [ "rdx", "rflags" ], "readMem": [  ], "writtenMem": [  ] },
    { "address": 4196019, "hexDump": "8B45CC", "text": "mov eax, dword ptr [rbp-0x34]", "readRegs": [ "rbp" ], "writeRegs": [ "eax" ], "readMem": [ [ 140723826175132, 4 ] ], "writtenMem": [  ] },
    { "address": 4196022, "hexDump": "4898", "text": "cdqe ", "readRegs": [ "eax" ], "writeRegs": [ "rax" ], "readMem": [  ], "writtenMem": [  ] },
    { "address": 4196024, "hexDump": "0FB64405E0", "text": "movzx eax, byte ptr [rbp+rax*1-0x20]", "readRegs": [ "rbp", "rax" ], "writeRegs": [ "eax" ], "readMem": [ [ 140723826175157, 1 ] ], "writtenMem": [  ] },
    { "address": 4196029, "hexDump": "8802", "text": "mov byte ptr [rdx], al", "readRegs": [ "rdx", "al" ], "writeRegs": [  ], "readMem": [  ], "writtenMem": [ [ 31584277, 1 ] ] },
    { "address": 4196031, "hexDump": "8345CC01", "text": "add dword ptr [rbp-0x34], 0x1", "readRegs": [ "rbp" ], "writeRegs": [ "rflags" ], "readMem": [ [ 140723826175132, 4 ] ], "writtenMem": [ [ 140723826175132, 4 ] ] },
    { "address": 4196035, "hexDump": "8B45CC", "text": "mov eax, dword ptr [rbp-0x34]", "readRegs": [ "rbp" ], "writeRegs": [ "eax" ], "readMem": [ [ 140723826175132, 4 ] ], "writtenMem": [  ] },
    { "address": 4196038, "hexDump": "83F808", "text": "cmp eax, 0x8", "readRegs": [ "eax" ], "writeRegs": [ "rflags" ], "readMem": [  ], "writtenMem": [  ] },
    { "address": 4196041, "hexDump": "76DB", "text": "jbe 0x4006a6", "isBranch": true, "readRegs": [ "rip", "rflags" ], "writeRegs": [ "rip" ], "readMem": [  ], "writtenMem": [  ] },
    { "address": 4196006, "hexDump": "8B45CC", "text": "mov eax, dword ptr [rbp-0x34]", "readRegs": [ "rbp" ], "writeRegs": [ "eax" ], "readMem": [ [ 140723826175132, 4 ] ], "writtenMem": [  ] },
    { "address": 4196009, "hexDump": "4863D0", "text": "movsxd rdx, eax", "readRegs": [ "eax" ], "writeRegs": [ "rdx" ], "readMem": [  ], "writtenMem": [  ] },
    { "address": 4196012, "hexDump": "488B45D0", "text": "mov rax, qword ptr [rbp-0x30]", "readRegs": [ "rbp" ], "writeRegs": [ "rax" ], "readMem": [ [ 140723826175136, 8 ] ], "writtenMem": [  ] },
    { "address": 4196016, "hexDump": "4801C2", "text": "add rdx, rax", "readRegs": [ "rdx", "rax" ], "writeRegs": [ "rdx", "rflags" ], "readMem": [  ], "writtenMem": [  ] },
    { "address": 4196019, "hexDump": "8B45CC", "text": "mov eax, dword ptr [rbp-0x34]", "readRegs": [ "rbp" ], "writeRegs": [ "eax" ], "readMem": [ [ 140723826175132, 4 ] ], "writtenMem": [  ] },
    { "address": 4196022, "hexDump": "4898", "text": "cdqe ", "readRegs": [ "eax" ], "writeRegs": [ "rax" ], "readMem": [  ], "writtenMem": [  ] },
    { "address": 4196024, "hexDump": "0FB64405E0", "text": "movzx eax, byte ptr [rbp+rax*1-0x20]", "readRegs": [ "rbp", "rax" ], "writeRegs": [ "eax" ], "readMem": [ [ 140723826175158, 1 ] ], "writtenMem": [  ] },
    { "address": 4196029, "hexDump": "8802", "text": "mov byte ptr [rdx], al", "readRegs": [ "rdx", "al" ], "writeRegs": [  ], "readMem": [  ], "writtenMem": [ [ 31584278, 1 ] ] },
    { "address": 4196031, "hexDump": "8345CC01", "text": "add dword ptr [rbp-0x34], 0x1", "readRegs": [ "rbp" ], "writeRegs": [ "rflags" ], "readMem": [ [ 140723826175132, 4 ] ], "writtenMem": [ [ 140723826175132, 4 ] ] },
    { "address": 4196035, "hexDump": "8B45CC", "text": "mov eax, dword ptr [rbp-0x34]", "readRegs": [ "rbp" ], "writeRegs": [ "eax" ], "readMem": [ [ 140723826175132, 4 ] ], "writtenMem": [  ] },
    { "address": 4196038, "hexDump": "83F808", "text": "cmp eax, 0x8", "readRegs": [ "eax" ], "writeRegs": [ "rflags" ], "readMem": [  ], "writtenMem": [  ] },
    { "address": 4196041, "hexDump": "76DB", "text": "jbe 0x4006a6", "isBranch": true, "readRegs": [ "rip", "rflags" ], "writeRegs": [ "rip" ], "readMem": [  ], "writtenMem": [  ] },
    { "address": 4196006, "hexDump": "8B45CC", "text": "mov eax, dword ptr [rbp-0x34]", "readRegs": [ "rbp" ], "writeRegs": [ "eax" ], "readMem": [ [ 140723826175132, 4 ] ], "writtenMem": [  ] },
    { "address": 4196009, "hexDump": "4863D0", "text": "movsxd rdx, eax", "readRegs": [ "eax" ], "writeRegs": [ "rdx" ], "readMem": [  ], "writtenMem": [  ] },
    { "address": 4196012, "hexDump": "488B45D0", "text": "mov rax, qword ptr [rbp-0x30]", "readRegs": [ "rbp" ], "writeRegs": [ "rax" ], "readMem": [ [ 140723826175136, 8 ] ], "writtenMem": [  ] },
    { "address": 4196016, "hexDump": "4801C2", "text": "add rdx, rax", "readRegs": [ "rdx", "rax" ], "writeRegs": [ "rdx", "rflags" ], "readMem": [  ], "writtenMem": [  ] },
    { "address": 4196019, "hexDump": "8B45CC", "text": "mov eax, dword ptr [rbp-0x34]", "readRegs": [ "rbp" ], "writeRegs": [ "eax" ], "readMem": [ [ 140723826175132, 4 ] ], "writtenMem": [  ] },
    { "address": 4196022, "hexDump": "4898", "text": "cdqe ", "readRegs": [ "eax" ], "writeRegs": [ "rax" ], "readMem": [  ], "writtenMem": [  ] },
    { "address": 4196024, "hexDump": "0FB64405E0", "text": "movzx eax, byte ptr [rbp+rax*1-0x20]", "readRegs": [ "rbp", "rax" ], "writeRegs": [ "eax" ], "readMem": [ [ 140723826175159, 1 ] ], "writtenMem": [  ] },
    { "address": 4196029, "hexDump": "8802", "text": "mov byte ptr [rdx], al", "readRegs": [ "rdx", "al" ], "writeRegs": [  ], "readMem": [  ], "writtenMem": [ [ 31584279, 1 ] ] },
    { "address": 4196031, "hexDump": "8345CC01", "text": "add dword ptr [rbp-0x34], 0x1", "readRegs": [ "rbp" ], "writeRegs": [ "rflags" ], "readMem": [ [ 140723826175132, 4 ] ], "writtenMem": [ [ 140723826175132, 4 ] ] },
    { "address": 4196035, "hexDump": "8B45CC", "text": "mov eax, dword ptr [rbp-0x34]", "readRegs": [ "rbp" ], "writeRegs": [ "eax" ], "readMem": [ [ 140723826175132, 4 ] ], "writtenMem": [  ] },
    { "address": 4196038, "hexDump": "83F808", "text": "cmp eax, 0x8", "readRegs": [ "eax" ], "writeRegs": [ "rflags" ], "readMem": [  ], "writtenMem": [  ] },
    { "address": 4196041, "hexDump": "76DB", "text": "jbe 0x4006a6", "isBranch": true, "readRegs": [ "rip", "rflags" ], "writeRegs": [ "rip" ], "readMem": [  ], "writtenMem": [  ] },
    { "address": 4196006, "hexDump": "8B45CC", "text": "mov eax, dword ptr [rbp-0x34]", "readRegs": [ "rbp" ], "writeRegs": [ "eax" ], "readMem": [ [ 140723826175132, 4 ] ], "writtenMem": [  ] },
    { "address": 4196009, "hexDump": "4863D0", "text": "movsxd rdx, eax", "readRegs": [ "eax" ], "writeRegs": [ "rdx" ], "readMem": [  ], "writtenMem": [  ] },
    { "address": 4196012, "hexDump": "488B45D0", "text": "mov rax, qword ptr [rbp-0x30]", "readRegs": [ "rbp" ], "writeRegs": [ "rax" ], "readMem": [ [ 140723826175136, 8 ] ], "writtenMem": [  ] },
    { "address": 4196016, "hexDump": "4801C2", "text": "add rdx, rax", "readRegs": [ "rdx", "rax" ], "writeRegs": [ "rdx", "rflags" ], "readMem": [  ], "writtenMem": [  ] },
    { "address": 4196019, "hexDump": "8B45CC", "text": "mov eax, dword ptr [rbp-0x34]", "readRegs": [ "rbp" ], "writeRegs": [ "eax" ], "readMem": [ [ 140723826175132, 4 ] ], "writtenMem": [  ] },
    { "address": 4196022, "hexDump": "4898", "text": "cdqe ", "readRegs": [ "eax" ], "writeRegs": [ "rax" ], "readMem": [  ], "writtenMem": [  ] },
    { "address": 4196024, "hexDump": "0FB64405E0", "text": "movzx eax, byte ptr [rbp+rax*1-0x20]", "readRegs": [ "rbp", "rax" ], "writeRegs": [ "eax" ], "readMem": [ [ 140723826175160, 1 ] ], "writtenMem": [  ] },
    { "address": 4196029, "hexDump": "8802", "text": "mov byte ptr [rdx], al", "readRegs": [ "rdx", "al" ], "writeRegs": [  ], "readMem": [  ], "writtenMem": [ [ 31584280, 1 ] ] },
    { "address": 4196031, "hexDump": "8345CC01", "text": "add dword ptr [rbp-0x34], 0x1", "readRegs": [ "rbp" ], "writeRegs": [ "rflags" ], "readMem": [ [ 140723826175132, 4 ] ], "writtenMem": [ [ 140723826175132, 4 ] ] },
    { "address": 4196035, "hexDump": "8B45CC", "text": "mov eax, dword ptr [rbp-0x34]", "readRegs": [ "rbp" ], "writeRegs": [ "eax" ], "readMem": [ [ 140723826175132, 4 ] ], "writtenMem": [  ] },
    { "address": 4196038, "hexDump": "83F808", "text": "cmp eax, 0x8", "readRegs": [ "eax" ], "writeRegs": [ "rflags" ], "readMem": [  ], "writtenMem": [  ] },
    { "address": 4196041, "hexDump": "76DB", "text": "jbe 0x4006a6", "isBranch": true, "readRegs": [ "rip", "rflags" ], "writeRegs": [ "rip" ], "readMem": [  ], "writtenMem": [  ] },
    { "address": 4196043, "hexDump": "BEA4074000", "text": "mov esi, 0x4007a4", "readRegs": [  ], "writeRegs": [ "esi" ], "readMem": [  ], "writtenMem": [  ] },
    { "address": 4196048, "hexDump": "BFA6074000", "text": "mov edi, 0x4007a6", "readRegs": [  ], "writeRegs": [ "edi" ], "readMem": [  ], "writtenMem": [  ] },
    { "address": 4196053, "hexDump": "E876FEFFFF", "text": "call 0x400550", "isBranch": true, "isForeignBranch": true, "foreignTargetAddress": 4195664, "foreignTargetName": "fopen@plt", "readRegs": [ "rip", "rsp" ], "writeRegs": [ "rip", "rsp" ], "readMem": [  ], "writtenMem": [ [ 140723826175112, 8 ] ] },
    { "address": 4196058, "hexDump": "488945D8", "text": "mov qword ptr [rbp-0x28], rax", "readRegs": [ "rbp", "rax" ], "writeRegs": [  ], "readMem": [  ], "writtenMem": [ [ 140723826175144, 8 ] ] },
    { "address": 4196062, "hexDump": "488B55D8", "text": "mov rdx, qword ptr [rbp-0x28]", "readRegs": [ "rbp" ], "writeRegs": [ "rdx" ], "readMem": [ [ 140723826175144, 8 ] ], "writtenMem": [  ] },
    { "address": 4196066, "hexDump": "488B45D0", "text": "mov rax, qword ptr [rbp-0x30]", "readRegs": [ "rbp" ], "writeRegs": [ "rax" ], "readMem": [ [ 140723826175136, 8 ] ], "writtenMem": [  ] },
    { "address": 4196070, "hexDump": "4889D6", "text": "mov rsi, rdx", "readRegs": [ "rdx" ], "writeRegs": [ "rsi" ], "readMem": [  ], "writtenMem": [  ] },
    { "address": 4196073, "hexDump": "4889C7", "text": "mov rdi, rax", "readRegs": [ "rax" ], "writeRegs": [ "rdi" ], "readMem": [  ], "writtenMem": [  ] },
    { "address": 4196076, "hexDump": "E82FFEFFFF", "text": "call 0x400520", "isBranch": true, "isForeignBranch": true, "foreignTargetAddress": 4195616, "foreignTargetName": "fputs@plt", "readRegs": [ "rip", "rsp" ], "writeRegs": [ "rip", "rsp" ], "readMem": [  ], "writtenMem": [ [ 140723826175112, 8 ] ] },
    { "address": 4196081, "hexDump": "488B45D0", "text": "mov rax, qword ptr [rbp-0x30]", "readRegs": [ "rbp" ], "writeRegs": [ "rax" ], "readMem": [ [ 140723826175136, 8 ] ], "writtenMem": [  ] },
    { "address": 4196085, "hexDump": "4889C7", "text": "mov rdi, rax", "readRegs": [ "rax" ], "writeRegs": [ "rdi" ], "readMem": [  ], "writtenMem": [  ] },
    { "address": 4196088, "hexDump": "E803FEFFFF", "text": "call 0x400500", "isBranch": true, "isForeignBranch": true, "foreignTargetAddress": 4195584, "foreignTargetName": "free@plt", "readRegs": [ "rip", "rsp" ], "writeRegs": [ "rip", "rsp" ], "readMem": [  ], "writtenMem": [ [ 140723826175112, 8 ] ] },
    { "address": 4196093, "hexDump": "B800000000", "text": "mov eax, 0x0", "readRegs": [  ], "writeRegs": [ "eax" ], "readMem": [  ], "writtenMem": [  ] },
    { "address": 4196098, "hexDump": "488B4DF8", "text": "mov rcx, qword ptr [rbp-0x8]", "readRegs": [ "rbp" ], "writeRegs": [ "rcx" ], "readMem": [ [ 140723826175176, 8 ] ], "writtenMem": [  ] },
    { "address": 4196102, "hexDump": "6448330C2528000000", "text": "xor rcx, qword ptr fs:[0x28]", "readRegs": [ "rcx", "fs" ], "writeRegs": [ "rcx", "rflags" ], "readMem": [ [ 140244701161256, 8 ] ], "writtenMem": [  ] },
    { "address": 4196111, "hexDump": "7405", "text": "jz 0x400716", "isBranch": true, "readRegs": [ "rip", "rflags" ], "writeRegs": [ "rip" ], "readMem": [  ], "writtenMem": [  ] },
    { "address": 4196118, "hexDump": "C9", "text": "leave ", "readRegs": [ "rbp", "rbp", "rsp" ], "writeRegs": [ "rbp", "rsp" ], "readMem": [ [ 140723826175184, 8 ] ], "writtenMem": [  ] },
    { "address": 4196119, "hexDump": "C3", "text": "ret ", "isBranch": true, "readRegs": [ "rsp" ], "writeRegs": [ "rip", "rsp" ], "readMem": [ [ 140723826175192, 8 ] ], "writtenMem": [  ] },
    { "address": 4195872, "hexDump": "803D310A200000", "text": "cmp byte ptr [rip+0x200a31], 0x0", "readRegs": [ "rip" ], "writeRegs": [ "rflags" ], "readMem": [ [ 6295640, 1 ] ], "writtenMem": [  ] },
    { "address": 4195879, "hexDump": "7511", "text": "jnz 0x40063a", "isBranch": true, "readRegs": [ "rip", "rflags" ], "writeRegs": [ "rip" ], "readMem": [  ], "writtenMem": [  ] },
    { "address": 4195881, "hexDump": "55", "text": "push rbp", "readRegs": [ "rbp", "rsp" ], "writeRegs": [ "rsp" ], "readMem": [  ], "writtenMem": [ [ 140723826174912, 8 ] ] },
    { "address": 4195882, "hexDump": "4889E5", "text": "mov rbp, rsp", "readRegs": [ "rsp" ], "writeRegs": [ "rbp" ], "readMem": [  ], "writtenMem": [  ] },
    { "address": 4195885, "hexDump": "E86EFFFFFF", "text": "call 0x4005a0", "isBranch": true, "readRegs": [ "rip", "rsp" ], "writeRegs": [ "rip", "rsp" ], "readMem": [  ], "writtenMem": [ [ 140723826174904, 8 ] ] },
    { "address": 4195744, "hexDump": "B85F106000", "text": "mov eax, 0x60105f", "readRegs": [  ], "writeRegs": [ "eax" ], "readMem": [  ], "writtenMem": [  ] },
    { "address": 4195749, "hexDump": "55", "text": "push rbp", "readRegs": [ "rbp", "rsp" ], "writeRegs": [ "rsp" ], "readMem": [  ], "writtenMem": [ [ 140723826174896, 8 ] ] },
    { "address": 4195750, "hexDump": "482D58106000", "text": "sub rax, 0x601058", "readRegs": [ "rax" ], "writeRegs": [ "rax", "rflags" ], "readMem": [  ], "writtenMem": [  ] },
    { "address": 4195756, "hexDump": "4883F80E", "text": "cmp rax, 0xe", "readRegs": [ "rax" ], "writeRegs": [ "rflags" ], "readMem": [  ], "writtenMem": [  ] },
    { "address": 4195760, "hexDump": "4889E5", "text": "mov rbp, rsp", "readRegs": [ "rsp" ], "writeRegs": [ "rbp" ], "readMem": [  ], "writtenMem": [  ] },
    { "address": 4195763, "hexDump": "761B", "text": "jbe 0x4005d0", "isBranch": true, "readRegs": [ "rip", "rflags" ], "writeRegs": [ "rip" ], "readMem": [  ], "writtenMem": [  ] },
    { "address": 4195792, "hexDump": "5D", "text": "pop rbp", "readRegs": [ "rsp" ], "writeRegs": [ "rbp", "rsp" ], "readMem": [ [ 140723826174896, 8 ] ], "writtenMem": [  ] },
    { "address": 4195793, "hexDump": "C3", "text": "ret ", "isBranch": true, "readRegs": [ "rsp" ], "writeRegs": [ "rip", "rsp" ], "readMem": [ [ 140723826174904, 8 ] ], "writtenMem": [  ] },
    { "address": 4195890, "hexDump": "5D", "text": "pop rbp", "readRegs": [ "rsp" ], "writeRegs": [ "rbp", "rsp" ], "readMem": [ [ 140723826174912, 8 ] ], "writtenMem": [  ] },
    { "address": 4195891, "hexDump": "C6051E0A200001", "text": "mov byte ptr [rip+0x200a1e], 0x1", "readRegs": [ "rip" ], "writeRegs": [  ], "readMem": [  ], "writtenMem": [ [ 6295640, 1 ] ] },
    { "address": 4195898, "hexDump": "F3C3", "text": "ret ", "isBranch": true, "readRegs": [ "rsp" ], "writeRegs": [ "rip", "rsp" ], "readMem": [ [ 140723826174920, 8 ] ], "writtenMem": [  ] },
    { "address": 4196244, "hexDump": "4883EC08", "text": "sub rsp, 0x8", "readRegs": [ "rsp" ], "writeRegs": [ "rsp", "rflags" ], "readMem": [  ], "writtenMem": [  ] },
    { "address": 4196248, "hexDump": "4883C408", "text": "add rsp, 0x8", "readRegs": [ "rsp" ], "writeRegs": [ "rsp", "rflags" ], "readMem": [  ], "writtenMem": [  ] },
    { "address": 4196252, "hexDump": "C3", "text": "ret ", "isBranch": true, "readRegs": [ "rsp" ], "writeRegs": [ "rip", "rsp" ], "readMem": [ [ 140723826174920, 8 ] ], "writtenMem": [  ] }
]
